id,type,metric_type,description,value,value_description,unit,edge_depth_m,gap_crossing_m,scale_buffer_radius_m,resolution,file_name,file_id_drive_tif,link_drive_tif,file_id_drive_tfw,link_drive_tfw
1,landscape,lulc,all land cover and land use classes,3; 4; 5; 9; 11; 12; 13; 15; 19; 20; 21; 22; 23; 24; 25; 29; 30; 31; 32; 33;36; 39; 40; 41; 46; 47; 48; 49; 50; 62,forest formation (3); savanna formation (4); mangrove (5); forest plantation (9); wetland (11); grassland (12); other non forest formations (13); pasture (15); temporary crop (19); sugar cane (20); mosaic of uses (21); non vegetated area (22); beach; dune and sand spot (23); urban area (24); other non vegetated areas (25); rocky outcrop (29); mining (30); aquaculture (31); hypersaline tidal flat (32); river; lake and ocean (33); perennial crop (36); soybean (39); rice (40); other temporary crops (41); coffee (46); citrus (47); other perennial crops (48); wooded sandbank vegetation (49); herbaceous sandbank vegetation (50); cotton (62),categorial,NA,NA,NA,30,001_atlantic_spatial_all_classes.tif,1yPGzwXYy8bYqV5xl31W8iFCXJUdRufsF,https://drive.google.com/file/d/1yPGzwXYy8bYqV5xl31W8iFCXJUdRufsF,1E3MtucC5TiYxzk6lQb_KjYQSWQFkvvZY,https://drive.google.com/file/d/1E3MtucC5TiYxzk6lQb_KjYQSWQFkvvZY
2,landscape,lulc,grouped land cover and land use classes,1 to 9,forest vegetation (1); natural vegetation (2); forest plantation (3); pasture (4); temporary crop (5); perennial crop (6); urban area (7); mining (8); water (9),categorial,NA,NA,NA,30,002_atlantic_spatial_grouped_classes.tif,,,,
3,landscape,habitat,"forest vegetation class: forest formation, mangrove, and sandy coastal plain vegetation",0 and 1,non-habitat (0); habitat (1),binary,NA,NA,NA,30,003_atlantic_spatial_forest_vegetation_binary.tif,,,,
4,landscape,habitat,"natural vegetation class: forest formation, savanna formation, mangrove, wetland, grassland, other non-forest formations, hypersaline tidal flat, sandy coastal plain vegetation, and herbaceous sandbank vegetation",0 and 1,non-habitat (0); habitat (1),binary,NA,NA,NA,30,004_atlantic_spatial_natural_vegetation_binary.tif,,,,
5,landscape,fragment,forest vegetation fragment id,1 to infinity,identification,categorial,NA,NA,NA,30,005_atlantic_spatial_forest_vegetation_fragment_id.tif,,,,
6,landscape,fragment,forest vegetation fragment area,0.09 to infinity,area,hectares,NA,NA,NA,30,006_atlantic_spatial_forest_vegetation_fragment_area.tif,,,,
7,landscape,fragment,natural vegetation fragment id,1 to infinity,identification,categorial,NA,NA,NA,30,007_atlantic_spatial_natural_vegetation_fragment_id.tif,,,,
8,landscape,fragment,natural vegetation fragment area,0.09 to infinity,area,hectares,NA,NA,NA,30,008_atlantic_spatial_natural_vegetation_fragment_area.tif,,,,
9,landscape,fragment,forest vegetation cover percentage using 50 m buffer,0 to 100,percentage,proportion,NA,NA,50,30,009_atlantic_spatial_forest_vegetation_fragment_pct_buf00050.tif,,,,
10,landscape,fragment,forest vegetation cover percentage using 100 m buffer,0 to 100,percentage,proportion,NA,NA,100,30,010_atlantic_spatial_forest_vegetation_fragment_pct_buf00100.tif,,,,
11,landscape,fragment,forest vegetation cover percentage using 150 m buffer,0 to 100,percentage,proportion,NA,NA,150,30,011_atlantic_spatial_forest_vegetation_fragment_pct_buf00150.tif,,,,
12,landscape,fragment,forest vegetation cover percentage using 200 m buffer,0 to 100,percentage,proportion,NA,NA,200,30,012_atlantic_spatial_forest_vegetation_fragment_pct_buf00200.tif,,,,
13,landscape,fragment,forest vegetation cover percentage using 250 m buffer,0 to 100,percentage,proportion,NA,NA,250,30,013_atlantic_spatial_forest_vegetation_fragment_pct_buf00250.tif,,,,
14,landscape,fragment,forest vegetation cover percentage using 500 m buffer,0 to 100,percentage,proportion,NA,NA,500,30,014_atlantic_spatial_forest_vegetation_fragment_pct_buf00500.tif,,,,
15,landscape,fragment,forest vegetation cover percentage using 750 m buffer,0 to 100,percentage,proportion,NA,NA,750,30,015_atlantic_spatial_forest_vegetation_fragment_pct_buf00750.tif,,,,
16,landscape,fragment,forest vegetation cover percentage using 1000 m buffer,0 to 100,percentage,proportion,NA,NA,1000,30,016_atlantic_spatial_forest_vegetation_fragment_pct_buf01000.tif,,,,
17,landscape,fragment,forest vegetation cover percentage using 1500 m buffer,0 to 100,percentage,proportion,NA,NA,1500,60,017_atlantic_spatial_forest_vegetation_fragment_pct_buf01500.tif,,,,
18,landscape,fragment,forest vegetation cover percentage using 2000 m buffer,0 to 100,percentage,proportion,NA,NA,2000,60,018_atlantic_spatial_forest_vegetation_fragment_pct_buf02000.tif,,,,
19,landscape,fragment,forest vegetation cover percentage using 2500 m buffer,0 to 100,percentage,proportion,NA,NA,2500,60,019_atlantic_spatial_forest_vegetation_fragment_pct_buf02500.tif,,,,
20,landscape,fragment,forest vegetation cover percentage using 3000 m buffer,0 to 100,percentage,proportion,NA,NA,3000,60,020_atlantic_spatial_forest_vegetation_fragment_pct_buf03000.tif,,,,
21,landscape,fragment,forest vegetation cover percentage using 4000 m buffer,0 to 100,percentage,proportion,NA,NA,4000,60,021_atlantic_spatial_forest_vegetation_fragment_pct_buf04000.tif,,,,
22,landscape,fragment,forest vegetation cover percentage using 5000 m buffer,0 to 100,percentage,proportion,NA,NA,5000,60,022_atlantic_spatial_forest_vegetation_fragment_pct_buf05000.tif,,,,
23,landscape,fragment,forest vegetation cover percentage using 7500 m buffer,0 to 100,percentage,proportion,NA,NA,7500,60,023_atlantic_spatial_forest_vegetation_fragment_pct_buf07500.tif,,,,
24,landscape,fragment,forest vegetation cover percentage using 10000 m buffer,0 to 100,percentage,proportion,NA,NA,10000,60,024_atlantic_spatial_forest_vegetation_fragment_pct_buf10000.tif,,,,
25,landscape,fragment,natural vegetation cover percentage using 50 m buffer,0 to 100,percentage,proportion,NA,NA,50,30,025_atlantic_spatial_natural_vegetation_fragment_pct_buf00050.tif,,,,
26,landscape,fragment,natural vegetation cover percentage using 100 m buffer,0 to 100,percentage,proportion,NA,NA,100,30,026_atlantic_spatial_natural_vegetation_fragment_pct_buf00100.tif,,,,
27,landscape,fragment,natural vegetation cover percentage using 150 m buffer,0 to 100,percentage,proportion,NA,NA,150,30,027_atlantic_spatial_natural_vegetation_fragment_pct_buf00150.tif,,,,
28,landscape,fragment,natural vegetation cover percentage using 200 m buffer,0 to 100,percentage,proportion,NA,NA,200,30,028_atlantic_spatial_natural_vegetation_fragment_pct_buf00200.tif,,,,
29,landscape,fragment,natural vegetation cover percentage using 250 m buffer,0 to 100,percentage,proportion,NA,NA,250,30,029_atlantic_spatial_natural_vegetation_fragment_pct_buf00250.tif,,,,
30,landscape,fragment,natural vegetation cover percentage using 500 m buffer,0 to 100,percentage,proportion,NA,NA,500,30,030_atlantic_spatial_natural_vegetation_fragment_pct_buf00500.tif,,,,
31,landscape,fragment,natural vegetation cover percentage using 750 m buffer,0 to 100,percentage,proportion,NA,NA,750,30,031_atlantic_spatial_natural_vegetation_fragment_pct_buf00750.tif,,,,
32,landscape,fragment,natural vegetation cover percentage using 1000 m buffer,0 to 100,percentage,proportion,NA,NA,1000,30,032_atlantic_spatial_natural_vegetation_fragment_pct_buf01000.tif,,,,
33,landscape,fragment,natural vegetation cover percentage using 1500 m buffer,0 to 100,percentage,proportion,NA,NA,1500,60,033_atlantic_spatial_natural_vegetation_fragment_pct_buf01500.tif,,,,
34,landscape,fragment,natural vegetation cover percentage using 2000 m buffer,0 to 100,percentage,proportion,NA,NA,2000,60,034_atlantic_spatial_natural_vegetation_fragment_pct_buf02000.tif,,,,
35,landscape,fragment,natural vegetation cover percentage using 2500 m buffer,0 to 100,percentage,proportion,NA,NA,2500,60,035_atlantic_spatial_natural_vegetation_fragment_pct_buf02500.tif,,,,
36,landscape,fragment,natural vegetation cover percentage using 3000 m buffer,0 to 100,percentage,proportion,NA,NA,3000,60,036_atlantic_spatial_natural_vegetation_fragment_pct_buf03000.tif,,,,
37,landscape,fragment,natural vegetation cover percentage using 4000 m buffer,0 to 100,percentage,proportion,NA,NA,4000,60,037_atlantic_spatial_natural_vegetation_fragment_pct_buf04000.tif,,,,
38,landscape,fragment,natural vegetation cover percentage using 5000 m buffer,0 to 100,percentage,proportion,NA,NA,5000,60,038_atlantic_spatial_natural_vegetation_fragment_pct_buf05000.tif,,,,
39,landscape,fragment,natural vegetation cover percentage using 7500 m buffer,0 to 100,percentage,proportion,NA,NA,7500,60,039_atlantic_spatial_natural_vegetation_fragment_pct_buf07500.tif,,,,
40,landscape,fragment,natural vegetation cover percentage using 10000 m buffer,0 to 100,percentage,proportion,NA,NA,10000,60,040_atlantic_spatial_natural_vegetation_fragment_pct_buf10000.tif,,,,
41,landscape,patch,forest vegetation patch id,1 to infinity,identification,categorial,30,NA,NA,30,041_atlantic_spatial_forest_vegetation_patch_id.tif,,,,
42,landscape,patch,forest vegetation patch area,0.09 to infinity,area,hectares,30,NA,NA,30,042_atlantic_spatial_forest_vegetation_patch_area.tif,,,,
43,landscape,patch,forest vegetation patch area original,0.09 to infinity,area,hectares,30,NA,NA,30,043_atlantic_spatial_forest_vegetation_patch_area_original.tif,,,,
44,landscape,patch,forest vegetation number of patches,1 to infinity,number of patches,discrete,30,NA,NA,30,044_atlantic_spatial_forest_vegetation_patch_number_original.tif,,,,
45,landscape,patch,natural vegetation patch id,1 to infinity,identification,categorial,30,NA,NA,30,045_atlantic_spatial_natural_vegetation_patch_id.tif,,,,
46,landscape,patch,natural vegetation patch area,0.09 to infinity,area,hectares,30,NA,NA,30,046_atlantic_spatial_natural_vegetation_patch_area.tif,,,,
47,landscape,patch,natural vegetation patch area original,0.09 to infinity,area,hectares,30,NA,NA,30,047_atlantic_spatial_natural_vegetation_patch_area_original.tif,,,,
48,landscape,patch,natural vegetation number of patches,1 to infinity,number of patches,discrete,30,NA,NA,30,048_atlantic_spatial_natural_vegetation_patch_number_original.tif,,,,
49,landscape,morphology,forest vegetation morphologies,1 to 6,(1) core; (2) edge; (3) corridor; (4) branch; (5) stepping stone; (6) perforation,binary,30,NA,NA,30,049_atlantic_spatial_forest_vegetation_morphology.tif,,,,
50,landscape,morphology,forest vegetation morphology matrix,0 and 1,habitat (0); matrix (1),binary,30,NA,NA,30,050_atlantic_spatial_forest_vegetation_morphology_matrix.tif,,,,
51,landscape,morphology,forest vegetation morphology core,0 and 1,non-core (0); core (1),binary,30,NA,NA,30,051_atlantic_spatial_forest_vegetation_morphology_core.tif,,,,
52,landscape,morphology,forest vegetation morphology edge,0 and 1,non-edge (0); edge (1),binary,30,NA,NA,30,052_atlantic_spatial_forest_vegetation_morphology_edge.tif,,,,
53,landscape,morphology,forest vegetation morphology corridor,0 and 1,non-corridor (0); corridor (1),binary,30,NA,NA,30,053_atlantic_spatial_forest_vegetation_morphology_corridor.tif,,,,
54,landscape,morphology,forest vegetation morphology branch,0 and 1,non-branch (0); branch (1),binary,30,NA,NA,30,054_atlantic_spatial_forest_vegetation_morphology_branch.tif,,,,
55,landscape,morphology,[forest vegetation morphology stepping stone,0 and 1,non-stepping stone (0); stepping stone (1),binary,30,NA,NA,30,055_atlantic_spatial_forest_vegetation_morphology_stepping_stone.tif,,,,
56,landscape,morphology,forest vegetation morphology perforation,0 and 1,non-perforation (0); perforation (1),binary,30,NA,NA,30,056_atlantic_spatial_forest_vegetation_morphology_perforation.tif,,,,
57,landscape,morphology,natural vegetation morphologies,1 to 6,(1) core; (2) edge; (3) corridor; (4) branch; (5) stepping stone; (6) perforation,categorial,30,NA,NA,30,057_atlantic_spatial_natural_vegetation_morphology.tif,,,,
58,landscape,morphology,forest vegetation morphology matrix,0 and 1,habitat (0); matrix (1),binary,30,NA,NA,30,058_atlantic_spatial_natural_vegetation_morphology_matrix.tif,,,,
59,landscape,morphology,natural vegetation morphology core,0 and 1,non-core (0); core (1),binary,30,NA,NA,30,059_atlantic_spatial_natural_vegetation_morphology_core.tif,,,,
60,landscape,morphology,natural vegetation morphology edge,0 and 1,non-edge (0); edge (1),binary,30,NA,NA,30,060_atlantic_spatial_natural_vegetation_morphology_edge.tif,,,,
61,landscape,morphology,natural vegetation morphology corridor,0 and 1,non-corridor (0); corridor (1),binary,30,NA,NA,30,061_atlantic_spatial_natural_vegetation_morphology_corridor.tif,,,,
62,landscape,morphology,natural vegetation morphology branch,0 and 1,non-branch (0); branch (1),binary,30,NA,NA,30,062_atlantic_spatial_natural_vegetation_morphology_branch.tif,,,,
63,landscape,morphology,[natural vegetation morphology stepping stone,0 and 1,non-stepping stone (0); stepping stone (1),binary,30,NA,NA,30,063_atlantic_spatial_natural_vegetation_morphology_stepping_stone.tif,,,,
64,landscape,morphology,natural vegetation morphology perforation,0 and 1,non-perforation (0); perforation (1),binary,30,NA,NA,30,064_atlantic_spatial_natural_vegetation_morphology_perforation.tif,,,,
65,landscape,core and edge,forest vegetation core 30 m,0 and 1,non-core (0); core (1),binary,30,NA,NA,30,065_atlantic_spatial_forest_vegetation_core030.tif,,,,
66,landscape,core and edge,forest vegetation core id 30 m,1 to infinity,identification,categorial,30,NA,NA,30,066_atlantic_spatial_forest_vegetation_core030_id.tif,,,,
67,landscape,core and edge,forest vegetation core area 30 m,0.09 to infinity,area,hectares,30,NA,NA,30,067_atlantic_spatial_forest_vegetation_core030_area_ha.tif,,,,
68,landscape,core and edge,forest vegetation core area original 30 m,0.09 to infinity,area,hectares,30,NA,NA,30,068_atlantic_spatial_forest_vegetation_core030_area_ha_original.tif,,,,
69,landscape,core and edge,forest vegetation core number original 30 m,1 to infinity,number of cores,discrete,30,NA,NA,30,069_atlantic_spatial_forest_vegetation_core030_core_number.tif,,,,
70,landscape,core and edge,forest vegetation core 30 m cover percentage using 50 m buffer,0 to 100,percentage,proportion,30,NA,50,30,070_atlantic_spatial_forest_vegetation_core030_pct_buf0050.tif,,,,
71,landscape,core and edge,forest vegetation core 30 m cover percentage using 100 m buffer,0 to 100,percentage,proportion,30,NA,100,30,071_atlantic_spatial_forest_vegetation_core030_pct_buf0100.tif,,,,
72,landscape,core and edge,forest vegetation core 30 m cover percentage using 150 m buffer,0 to 100,percentage,proportion,30,NA,150,30,072_atlantic_spatial_forest_vegetation_core030_pct_buf0150.tif,,,,
73,landscape,core and edge,forest vegetation core 30 m cover percentage using 200 m buffer,0 to 100,percentage,proportion,30,NA,200,30,073_atlantic_spatial_forest_vegetation_core030_pct_buf0200.tif,,,,
74,landscape,core and edge,forest vegetation core 30 m cover percentage using 250 m buffer,0 to 100,percentage,proportion,30,NA,250,30,074_atlantic_spatial_forest_vegetation_core030_pct_buf0250.tif,,,,
75,landscape,core and edge,forest vegetation core 30 m cover percentage using 500 m buffer,0 to 100,percentage,proportion,30,NA,500,30,075_atlantic_spatial_forest_vegetation_core030_pct_buf0500.tif,,,,
76,landscape,core and edge,forest vegetation core 30 m cover percentage using 750 m buffer,0 to 100,percentage,proportion,30,NA,750,30,076_atlantic_spatial_forest_vegetation_core030_pct_buf0750.tif,,,,
77,landscape,core and edge,forest vegetation core 30 m cover percentage using 1000 m buffer,0 to 100,percentage,proportion,30,NA,1000,30,077_atlantic_spatial_forest_vegetation_core030_pct_buf1000.tif,,,,
78,landscape,core and edge,forest vegetation core 30 m cover percentage using 1500 m buffer,0 to 100,percentage,proportion,30,NA,1500,60,078_atlantic_spatial_forest_vegetation_core030_pct_buf1500.tif,,,,
79,landscape,core and edge,forest vegetation core 30 m cover percentage using 2000 m buffer,0 to 100,percentage,proportion,30,NA,2000,60,079_atlantic_spatial_forest_vegetation_core030_pct_buf2000.tif,,,,
80,landscape,core and edge,forest vegetation core 30 m cover percentage using 2500 m buffer,0 to 100,percentage,proportion,30,NA,2500,60,080_atlantic_spatial_forest_vegetation_core030_pct_buf2500.tif,,,,
81,landscape,core and edge,forest vegetation core 60 m,0 and 1,non-core (0); core (1),binary,60,NA,NA,30,081_atlantic_spatial_forest_vegetation_core060.tif,,,,
82,landscape,core and edge,forest vegetation core area original 60 m,1 to infinity,identification,categorial,60,NA,NA,30,082_atlantic_spatial_forest_vegetation_core060_id.tif,,,,
83,landscape,core and edge,forest vegetation core area 60 m,0.09 to infinity,area,hectares,60,NA,NA,30,083_atlantic_spatial_forest_vegetation_core060_area_ha.tif,,,,
84,landscape,core and edge,forest vegetation core area original 60 m,0.09 to infinity,area,hectares,60,NA,NA,30,084_atlantic_spatial_forest_vegetation_core060_area_ha_original.tif,,,,
85,landscape,core and edge,forest vegetation core number original 60 m,1 to infinity,number of cores,discrete,60,NA,NA,30,085_atlantic_spatial_forest_vegetation_core060_core_number.tif,,,,
86,landscape,core and edge,forest vegetation core 60 m cover percentage using 50 m buffer,0 to 100,percentage,proportion,60,NA,50,30,086_atlantic_spatial_forest_vegetation_core060_pct_buf0050.tif,,,,
87,landscape,core and edge,forest vegetation core 60 m cover percentage using 100 m buffer,0 to 100,percentage,proportion,60,NA,100,30,087_atlantic_spatial_forest_vegetation_core060_pct_buf0100.tif,,,,
88,landscape,core and edge,forest vegetation core 60 m cover percentage using 150 m buffer,0 to 100,percentage,proportion,60,NA,150,30,088_atlantic_spatial_forest_vegetation_core060_pct_buf0150.tif,,,,
89,landscape,core and edge,forest vegetation core 60 m cover percentage using 200 m buffer,0 to 100,percentage,proportion,60,NA,200,30,089_atlantic_spatial_forest_vegetation_core060_pct_buf0200.tif,,,,
90,landscape,core and edge,forest vegetation core 60 m cover percentage using 250 m buffer,0 to 100,percentage,proportion,60,NA,250,30,090_atlantic_spatial_forest_vegetation_core060_pct_buf0250.tif,,,,
91,landscape,core and edge,forest vegetation core 60 m cover percentage using 500 m buffer,0 to 100,percentage,proportion,60,NA,500,30,091_atlantic_spatial_forest_vegetation_core060_pct_buf0500.tif,,,,
92,landscape,core and edge,forest vegetation core 60 m cover percentage using 750 m buffer,0 to 100,percentage,proportion,60,NA,750,30,092_atlantic_spatial_forest_vegetation_core060_pct_buf0750.tif,,,,
93,landscape,core and edge,forest vegetation core 60 m cover percentage using 1000 m buffer,0 to 100,percentage,proportion,60,NA,1000,30,093_atlantic_spatial_forest_vegetation_core060_pct_buf1000.tif,,,,
94,landscape,core and edge,forest vegetation core 60 m cover percentage using 1500 m buffer,0 to 100,percentage,proportion,60,NA,1500,60,094_atlantic_spatial_forest_vegetation_core060_pct_buf1500.tif,,,,
95,landscape,core and edge,forest vegetation core 60 m cover percentage using 2000 m buffer,0 to 100,percentage,proportion,60,NA,2000,60,095_atlantic_spatial_forest_vegetation_core060_pct_buf2000.tif,,,,
96,landscape,core and edge,forest vegetation core 60 m cover percentage using 2500 m buffer,0 to 100,percentage,proportion,60,NA,2500,60,096_atlantic_spatial_forest_vegetation_core060_pct_buf2500.tif,,,,
97,landscape,core and edge,forest vegetation core 90 m,0 and 1,non-core (0); core (1),binary,90,NA,NA,30,097_atlantic_spatial_forest_vegetation_core090.tif,,,,
98,landscape,core and edge,forest vegetation core area original 90 m,1 to infinity,identification,categorial,90,NA,NA,30,098_atlantic_spatial_forest_vegetation_core090_id.tif,,,,
99,landscape,core and edge,forest vegetation core area 90 m,0.09 to infinity,area,hectares,90,NA,NA,30,099_atlantic_spatial_forest_vegetation_core090_area_ha.tif,,,,
100,landscape,core and edge,forest vegetation core area original 90 m,0.09 to infinity,area,hectares,90,NA,NA,30,100_atlantic_spatial_forest_vegetation_core090_area_ha_original.tif,,,,
101,landscape,core and edge,forest vegetation core number original 90 m,1 to infinity,number of cores,discrete,90,NA,NA,30,101_atlantic_spatial_forest_vegetation_core090_core_number.tif,,,,
102,landscape,core and edge,forest vegetation core 90 m cover percentage using 50 m buffer,0 to 100,percentage,proportion,90,NA,50,30,102_atlantic_spatial_forest_vegetation_core090_pct_buf0050.tif,,,,
103,landscape,core and edge,forest vegetation core 90 m cover percentage using 100 m buffer,0 to 100,percentage,proportion,90,NA,100,30,103_atlantic_spatial_forest_vegetation_core090_pct_buf0100.tif,,,,
104,landscape,core and edge,forest vegetation core 90 m cover percentage using 150 m buffer,0 to 100,percentage,proportion,90,NA,150,30,104_atlantic_spatial_forest_vegetation_core090_pct_buf0150.tif,,,,
105,landscape,core and edge,forest vegetation core 90 m cover percentage using 200 m buffer,0 to 100,percentage,proportion,90,NA,200,30,105_atlantic_spatial_forest_vegetation_core090_pct_buf0200.tif,,,,
106,landscape,core and edge,forest vegetation core 90 m cover percentage using 250 m buffer,0 to 100,percentage,proportion,90,NA,250,30,106_atlantic_spatial_forest_vegetation_core090_pct_buf0250.tif,,,,
107,landscape,core and edge,forest vegetation core 90 m cover percentage using 500 m buffer,0 to 100,percentage,proportion,90,NA,500,30,107_atlantic_spatial_forest_vegetation_core090_pct_buf0500.tif,,,,
108,landscape,core and edge,forest vegetation core 90 m cover percentage using 750 m buffer,0 to 100,percentage,proportion,90,NA,750,30,108_atlantic_spatial_forest_vegetation_core090_pct_buf0750.tif,,,,
109,landscape,core and edge,forest vegetation core 90 m cover percentage using 1000 m buffer,0 to 100,percentage,proportion,90,NA,1000,30,109_atlantic_spatial_forest_vegetation_core090_pct_buf1000.tif,,,,
110,landscape,core and edge,forest vegetation core 90 m cover percentage using 1500 m buffer,0 to 100,percentage,proportion,90,NA,1500,60,110_atlantic_spatial_forest_vegetation_core090_pct_buf1500.tif,,,,
111,landscape,core and edge,forest vegetation core 90 m cover percentage using 2000 m buffer,0 to 100,percentage,proportion,90,NA,2000,60,111_atlantic_spatial_forest_vegetation_core090_pct_buf2000.tif,,,,
112,landscape,core and edge,forest vegetation core 90 m cover percentage using 2500 m buffer,0 to 100,percentage,proportion,90,NA,2500,60,112_atlantic_spatial_forest_vegetation_core090_pct_buf2500.tif,,,,
113,landscape,core and edge,forest vegetation core 120 m,0 and 1,non-core (0); core (1),binary,120,NA,NA,30,113_atlantic_spatial_forest_vegetation_core120.tif,,,,
114,landscape,core and edge,forest vegetation core area original 120 m,1 to infinity,identification,categorial,120,NA,NA,30,114_atlantic_spatial_forest_vegetation_core120_id.tif,,,,
115,landscape,core and edge,forest vegetation core area 120 m,0.09 to infinity,area,hectares,120,NA,NA,30,115_atlantic_spatial_forest_vegetation_core120_area_ha.tif,,,,
116,landscape,core and edge,forest vegetation core area original 120 m,0.09 to infinity,area,hectares,120,NA,NA,30,116_atlantic_spatial_forest_vegetation_core120_area_ha_original.tif,,,,
117,landscape,core and edge,forest vegetation core number original 120 m,1 to infinity,number of cores,discrete,120,NA,NA,30,117_atlantic_spatial_forest_vegetation_core120_core_number.tif,,,,
118,landscape,core and edge,forest vegetation core 120 m cover percentage using 50 m buffer,0 to 100,percentage,proportion,120,NA,50,30,118_atlantic_spatial_forest_vegetation_core120_pct_buf0050.tif,,,,
119,landscape,core and edge,forest vegetation core 120 m cover percentage using 100 m buffer,0 to 100,percentage,proportion,120,NA,100,30,119_atlantic_spatial_forest_vegetation_core120_pct_buf0100.tif,,,,
120,landscape,core and edge,forest vegetation core 120 m cover percentage using 150 m buffer,0 to 100,percentage,proportion,120,NA,150,30,120_atlantic_spatial_forest_vegetation_core120_pct_buf0150.tif,,,,
121,landscape,core and edge,forest vegetation core 120 m cover percentage using 200 m buffer,0 to 100,percentage,proportion,120,NA,200,30,121_atlantic_spatial_forest_vegetation_core120_pct_buf0200.tif,,,,
122,landscape,core and edge,forest vegetation core 120 m cover percentage using 250 m buffer,0 to 100,percentage,proportion,120,NA,250,30,122_atlantic_spatial_forest_vegetation_core120_pct_buf0250.tif,,,,
123,landscape,core and edge,forest vegetation core 120 m cover percentage using 500 m buffer,0 to 100,percentage,proportion,120,NA,500,30,123_atlantic_spatial_forest_vegetation_core120_pct_buf0500.tif,,,,
124,landscape,core and edge,forest vegetation core 120 m cover percentage using 750 m buffer,0 to 100,percentage,proportion,120,NA,750,30,124_atlantic_spatial_forest_vegetation_core120_pct_buf0750.tif,,,,
125,landscape,core and edge,forest vegetation core 120 m cover percentage using 1000 m buffer,0 to 100,percentage,proportion,120,NA,1000,30,125_atlantic_spatial_forest_vegetation_core120_pct_buf1000.tif,,,,
126,landscape,core and edge,forest vegetation core 120 m cover percentage using 1500 m buffer,0 to 100,percentage,proportion,120,NA,1500,60,126_atlantic_spatial_forest_vegetation_core120_pct_buf1500.tif,,,,
127,landscape,core and edge,forest vegetation core 120 m cover percentage using 2000 m buffer,0 to 100,percentage,proportion,120,NA,2000,60,127_atlantic_spatial_forest_vegetation_core120_pct_buf2000.tif,,,,
128,landscape,core and edge,forest vegetation core 120 m cover percentage using 2500 m buffer,0 to 100,percentage,proportion,120,NA,2500,60,128_atlantic_spatial_forest_vegetation_core120_pct_buf2500.tif,,,,
129,landscape,core and edge,forest vegetation core 240 m,0 and 1,non-core (0); core (1),binary,240,NA,NA,30,129_atlantic_spatial_forest_vegetation_core240.tif,,,,
130,landscape,core and edge,forest vegetation core area original 240 m,1 to infinity,identification,categorial,240,NA,NA,30,130_atlantic_spatial_forest_vegetation_core240_id.tif,,,,
131,landscape,core and edge,forest vegetation core area 240 m,0.09 to infinity,area,hectares,240,NA,NA,30,131_atlantic_spatial_forest_vegetation_core240_area_ha.tif,,,,
132,landscape,core and edge,forest vegetation core area original 240 m,0.09 to infinity,area,hectares,240,NA,NA,30,132_atlantic_spatial_forest_vegetation_core240_area_ha_original.tif,,,,
133,landscape,core and edge,forest vegetation core number original 240 m,1 to infinity,number of cores,discrete,240,NA,NA,30,133_atlantic_spatial_forest_vegetation_core240_core_number.tif,,,,
134,landscape,core and edge,forest vegetation core 240 m cover percentage using 50 m buffer,0 to 100,percentage,proportion,240,NA,50,30,134_atlantic_spatial_forest_vegetation_core240_pct_buf0050.tif,,,,
135,landscape,core and edge,forest vegetation core 240 m cover percentage using 100 m buffer,0 to 100,percentage,proportion,240,NA,100,30,135_atlantic_spatial_forest_vegetation_core240_pct_buf0100.tif,,,,
136,landscape,core and edge,forest vegetation core 240 m cover percentage using 150 m buffer,0 to 100,percentage,proportion,240,NA,150,30,136_atlantic_spatial_forest_vegetation_core240_pct_buf0150.tif,,,,
137,landscape,core and edge,forest vegetation core 240 m cover percentage using 200 m buffer,0 to 100,percentage,proportion,240,NA,200,30,137_atlantic_spatial_forest_vegetation_core240_pct_buf0200.tif,,,,
138,landscape,core and edge,forest vegetation core 240 m cover percentage using 250 m buffer,0 to 100,percentage,proportion,240,NA,250,30,138_atlantic_spatial_forest_vegetation_core240_pct_buf0250.tif,,,,
139,landscape,core and edge,forest vegetation core 240 m cover percentage using 500 m buffer,0 to 100,percentage,proportion,240,NA,500,30,139_atlantic_spatial_forest_vegetation_core240_pct_buf0500.tif,,,,
140,landscape,core and edge,forest vegetation core 240 m cover percentage using 750 m buffer,0 to 100,percentage,proportion,240,NA,750,30,140_atlantic_spatial_forest_vegetation_core240_pct_buf0750.tif,,,,
141,landscape,core and edge,forest vegetation core 240 m cover percentage using 1000 m buffer,0 to 100,percentage,proportion,240,NA,1000,30,141_atlantic_spatial_forest_vegetation_core240_pct_buf1000.tif,,,,
142,landscape,core and edge,forest vegetation core 240 m cover percentage using 1500 m buffer,0 to 100,percentage,proportion,240,NA,1500,60,142_atlantic_spatial_forest_vegetation_core240_pct_buf1500.tif,,,,
143,landscape,core and edge,forest vegetation core 240 m cover percentage using 2000 m buffer,0 to 100,percentage,proportion,240,NA,2000,60,143_atlantic_spatial_forest_vegetation_core240_pct_buf2000.tif,,,,
144,landscape,core and edge,forest vegetation core 240 m cover percentage using 2500 m buffer,0 to 100,percentage,proportion,240,NA,2500,60,144_atlantic_spatial_forest_vegetation_core240_pct_buf2500.tif,,,,
145,landscape,core and edge,forest vegetation edge 30 m,0 and 1,non-edge (0); edge (1),binary,30,NA,NA,30,145_atlantic_spatial_forest_vegetation_edge030.tif,,,,
146,landscape,core and edge,forest vegetation edge area original 30 m,1 to infinity,identification,categorial,30,NA,NA,30,146_atlantic_spatial_forest_vegetation_edge030_id.tif,,,,
147,landscape,core and edge,forest vegetation edge area 30 m,0.09 to infinity,area,hectares,30,NA,NA,30,147_atlantic_spatial_forest_vegetation_edge030_area_ha.tif,,,,
148,landscape,core and edge,forest vegetation edge area original 30 m,0.09 to infinity,area,hectares,30,NA,NA,30,148_atlantic_spatial_forest_vegetation_edge030_area_ha_original.tif,,,,
149,landscape,core and edge,forest vegetation edge 30 m cover percentage using 50 m buffer,0 to 100,percentage,proportion,30,NA,50,30,149_atlantic_spatial_forest_vegetation_edge030_pct_buf0050.tif,,,,
150,landscape,core and edge,forest vegetation edge 30 m cover percentage using 100 m buffer,0 to 100,percentage,proportion,30,NA,100,30,150_atlantic_spatial_forest_vegetation_edge030_pct_buf0100.tif,,,,
151,landscape,core and edge,forest vegetation edge 30 m cover percentage using 150 m buffer,0 to 100,percentage,proportion,30,NA,150,30,151_atlantic_spatial_forest_vegetation_edge030_pct_buf0150.tif,,,,
152,landscape,core and edge,forest vegetation edge 30 m cover percentage using 200 m buffer,0 to 100,percentage,proportion,30,NA,200,30,152_atlantic_spatial_forest_vegetation_edge030_pct_buf0200.tif,,,,
153,landscape,core and edge,forest vegetation edge 30 m cover percentage using 250 m buffer,0 to 100,percentage,proportion,30,NA,250,30,153_atlantic_spatial_forest_vegetation_edge030_pct_buf0250.tif,,,,
154,landscape,core and edge,forest vegetation edge 30 m cover percentage using 500 m buffer,0 to 100,percentage,proportion,30,NA,500,30,154_atlantic_spatial_forest_vegetation_edge030_pct_buf0500.tif,,,,
155,landscape,core and edge,forest vegetation edge 30 m cover percentage using 750 m buffer,0 to 100,percentage,proportion,30,NA,750,30,155_atlantic_spatial_forest_vegetation_edge030_pct_buf0750.tif,,,,
156,landscape,core and edge,forest vegetation edge 30 m cover percentage using 1000 m buffer,0 to 100,percentage,proportion,30,NA,1000,30,156_atlantic_spatial_forest_vegetation_edge030_pct_buf1000.tif,,,,
157,landscape,core and edge,forest vegetation edge 30 m cover percentage using 1500 m buffer,0 to 100,percentage,proportion,30,NA,1500,60,157_atlantic_spatial_forest_vegetation_edge030_pct_buf1500.tif,,,,
158,landscape,core and edge,forest vegetation edge 30 m cover percentage using 2000 m buffer,0 to 100,percentage,proportion,30,NA,2000,60,158_atlantic_spatial_forest_vegetation_edge030_pct_buf2000.tif,,,,
159,landscape,core and edge,forest vegetation edge 30 m cover percentage using 2500 m buffer,0 to 100,percentage,proportion,30,NA,2500,60,159_atlantic_spatial_forest_vegetation_edge030_pct_buf2500.tif,,,,
160,landscape,core and edge,forest vegetation edge 60 m,0 and 1,non-edge (0); edge (1),binary,60,NA,NA,30,160_atlantic_spatial_forest_vegetation_edge060.tif,,,,
161,landscape,core and edge,forest vegetation edge area original 60 m,1 to infinity,identification,categorial,60,NA,NA,30,161_atlantic_spatial_forest_vegetation_edge060_id.tif,,,,
162,landscape,core and edge,forest vegetation edge area 60 m,0.09 to infinity,area,hectares,60,NA,NA,30,162_atlantic_spatial_forest_vegetation_edge060_area_ha.tif,,,,
163,landscape,core and edge,forest vegetation edge area original 60 m,0.09 to infinity,area,hectares,60,NA,NA,30,163_atlantic_spatial_forest_vegetation_edge060_area_ha_original.tif,,,,
164,landscape,core and edge,forest vegetation edge 60 m cover percentage using 50 m buffer,0 to 100,percentage,proportion,60,NA,50,30,164_atlantic_spatial_forest_vegetation_edge060_pct_buf0050.tif,,,,
165,landscape,core and edge,forest vegetation edge 60 m cover percentage using 100 m buffer,0 to 100,percentage,proportion,60,NA,100,30,165_atlantic_spatial_forest_vegetation_edge060_pct_buf0100.tif,,,,
166,landscape,core and edge,forest vegetation edge 60 m cover percentage using 150 m buffer,0 to 100,percentage,proportion,60,NA,150,30,166_atlantic_spatial_forest_vegetation_edge060_pct_buf0150.tif,,,,
167,landscape,core and edge,forest vegetation edge 60 m cover percentage using 200 m buffer,0 to 100,percentage,proportion,60,NA,200,30,167_atlantic_spatial_forest_vegetation_edge060_pct_buf0200.tif,,,,
168,landscape,core and edge,forest vegetation edge 60 m cover percentage using 250 m buffer,0 to 100,percentage,proportion,60,NA,250,30,168_atlantic_spatial_forest_vegetation_edge060_pct_buf0250.tif,,,,
169,landscape,core and edge,forest vegetation edge 60 m cover percentage using 500 m buffer,0 to 100,percentage,proportion,60,NA,500,30,169_atlantic_spatial_forest_vegetation_edge060_pct_buf0500.tif,,,,
170,landscape,core and edge,forest vegetation edge 60 m cover percentage using 750 m buffer,0 to 100,percentage,proportion,60,NA,750,30,170_atlantic_spatial_forest_vegetation_edge060_pct_buf0750.tif,,,,
171,landscape,core and edge,forest vegetation edge 60 m cover percentage using 1000 m buffer,0 to 100,percentage,proportion,60,NA,1000,30,171_atlantic_spatial_forest_vegetation_edge060_pct_buf1000.tif,,,,
172,landscape,core and edge,forest vegetation edge 60 m cover percentage using 1500 m buffer,0 to 100,percentage,proportion,60,NA,1500,60,172_atlantic_spatial_forest_vegetation_edge060_pct_buf1500.tif,,,,
173,landscape,core and edge,forest vegetation edge 60 m cover percentage using 2000 m buffer,0 to 100,percentage,proportion,60,NA,2000,60,173_atlantic_spatial_forest_vegetation_edge060_pct_buf2000.tif,,,,
174,landscape,core and edge,forest vegetation edge 60 m cover percentage using 2500 m buffer,0 to 100,percentage,proportion,60,NA,2500,60,174_atlantic_spatial_forest_vegetation_edge060_pct_buf2500.tif,,,,
175,landscape,core and edge,forest vegetation edge 90 m,0 and 1,non-edge (0); edge (1),binary,90,NA,NA,30,175_atlantic_spatial_forest_vegetation_edge090.tif,,,,
176,landscape,core and edge,forest vegetation edge area original 90 m,1 to infinity,identification,categorial,90,NA,NA,30,176_atlantic_spatial_forest_vegetation_edge090_id.tif,,,,
177,landscape,core and edge,forest vegetation edge area 90 m,0.09 to infinity,area,hectares,90,NA,NA,30,177_atlantic_spatial_forest_vegetation_edge090_area_ha.tif,,,,
178,landscape,core and edge,forest vegetation edge area original 90 m,0.09 to infinity,area,hectares,90,NA,NA,30,178_atlantic_spatial_forest_vegetation_edge090_area_ha_original.tif,,,,
179,landscape,core and edge,forest vegetation edge 90 m cover percentage using 50 m buffer,0 to 100,percentage,proportion,90,NA,50,30,179_atlantic_spatial_forest_vegetation_edge090_pct_buf0050.tif,,,,
180,landscape,core and edge,forest vegetation edge 90 m cover percentage using 100 m buffer,0 to 100,percentage,proportion,90,NA,100,30,180_atlantic_spatial_forest_vegetation_edge090_pct_buf0100.tif,,,,
181,landscape,core and edge,forest vegetation edge 90 m cover percentage using 150 m buffer,0 to 100,percentage,proportion,90,NA,150,30,181_atlantic_spatial_forest_vegetation_edge090_pct_buf0150.tif,,,,
182,landscape,core and edge,forest vegetation edge 90 m cover percentage using 200 m buffer,0 to 100,percentage,proportion,90,NA,200,30,182_atlantic_spatial_forest_vegetation_edge090_pct_buf0200.tif,,,,
183,landscape,core and edge,forest vegetation edge 90 m cover percentage using 250 m buffer,0 to 100,percentage,proportion,90,NA,250,30,183_atlantic_spatial_forest_vegetation_edge090_pct_buf0250.tif,,,,
184,landscape,core and edge,forest vegetation edge 90 m cover percentage using 500 m buffer,0 to 100,percentage,proportion,90,NA,500,30,184_atlantic_spatial_forest_vegetation_edge090_pct_buf0500.tif,,,,
185,landscape,core and edge,forest vegetation edge 90 m cover percentage using 750 m buffer,0 to 100,percentage,proportion,90,NA,750,30,185_atlantic_spatial_forest_vegetation_edge090_pct_buf0750.tif,,,,
186,landscape,core and edge,forest vegetation edge 90 m cover percentage using 1000 m buffer,0 to 100,percentage,proportion,90,NA,1000,30,186_atlantic_spatial_forest_vegetation_edge090_pct_buf1000.tif,,,,
187,landscape,core and edge,forest vegetation edge 90 m cover percentage using 1500 m buffer,0 to 100,percentage,proportion,90,NA,1500,60,187_atlantic_spatial_forest_vegetation_edge090_pct_buf1500.tif,,,,
188,landscape,core and edge,forest vegetation edge 90 m cover percentage using 2000 m buffer,0 to 100,percentage,proportion,90,NA,2000,60,188_atlantic_spatial_forest_vegetation_edge090_pct_buf2000.tif,,,,
189,landscape,core and edge,forest vegetation edge 90 m cover percentage using 2500 m buffer,0 to 100,percentage,proportion,90,NA,2500,60,189_atlantic_spatial_forest_vegetation_edge090_pct_buf2500.tif,,,,
190,landscape,core and edge,forest vegetation edge 120 m,0 and 1,non-edge (0); edge (1),binary,120,NA,NA,30,190_atlantic_spatial_forest_vegetation_edge120.tif,,,,
191,landscape,core and edge,forest vegetation edge area original 120 m,1 to infinity,identification,categorial,120,NA,NA,30,191_atlantic_spatial_forest_vegetation_edge120_id.tif,,,,
192,landscape,core and edge,forest vegetation edge area 120 m,0.09 to infinity,area,hectares,120,NA,NA,30,192_atlantic_spatial_forest_vegetation_edge120_area_ha.tif,,,,
193,landscape,core and edge,forest vegetation edge area original 120 m,0.09 to infinity,area,hectares,120,NA,NA,30,193_atlantic_spatial_forest_vegetation_edge120_area_ha_original.tif,,,,
194,landscape,core and edge,forest vegetation edge 120 m cover percentage using 50 m buffer,0 to 100,percentage,proportion,120,NA,50,30,194_atlantic_spatial_forest_vegetation_edge120_pct_buf0050.tif,,,,
195,landscape,core and edge,forest vegetation edge 120 m cover percentage using 100 m buffer,0 to 100,percentage,proportion,120,NA,100,30,195_atlantic_spatial_forest_vegetation_edge120_pct_buf0100.tif,,,,
196,landscape,core and edge,forest vegetation edge 120 m cover percentage using 150 m buffer,0 to 100,percentage,proportion,120,NA,150,30,196_atlantic_spatial_forest_vegetation_edge120_pct_buf0150.tif,,,,
197,landscape,core and edge,forest vegetation edge 120 m cover percentage using 200 m buffer,0 to 100,percentage,proportion,120,NA,200,30,197_atlantic_spatial_forest_vegetation_edge120_pct_buf0200.tif,,,,
198,landscape,core and edge,forest vegetation edge 120 m cover percentage using 250 m buffer,0 to 100,percentage,proportion,120,NA,250,30,198_atlantic_spatial_forest_vegetation_edge120_pct_buf0250.tif,,,,
199,landscape,core and edge,forest vegetation edge 120 m cover percentage using 500 m buffer,0 to 100,percentage,proportion,120,NA,500,30,199_atlantic_spatial_forest_vegetation_edge120_pct_buf0500.tif,,,,
200,landscape,core and edge,forest vegetation edge 120 m cover percentage using 750 m buffer,0 to 100,percentage,proportion,120,NA,750,30,200_atlantic_spatial_forest_vegetation_edge120_pct_buf0750.tif,,,,
201,landscape,core and edge,forest vegetation edge 120 m cover percentage using 1000 m buffer,0 to 100,percentage,proportion,120,NA,1000,30,201_atlantic_spatial_forest_vegetation_edge120_pct_buf1000.tif,,,,
202,landscape,core and edge,forest vegetation edge 120 m cover percentage using 1500 m buffer,0 to 100,percentage,proportion,120,NA,1500,60,202_atlantic_spatial_forest_vegetation_edge120_pct_buf1500.tif,,,,
203,landscape,core and edge,forest vegetation edge 120 m cover percentage using 2000 m buffer,0 to 100,percentage,proportion,120,NA,2000,60,203_atlantic_spatial_forest_vegetation_edge120_pct_buf2000.tif,,,,
204,landscape,core and edge,forest vegetation edge 120 m cover percentage using 2500 m buffer,0 to 100,percentage,proportion,120,NA,2500,60,204_atlantic_spatial_forest_vegetation_edge120_pct_buf2500.tif,,,,
205,landscape,core and edge,forest vegetation edge 240 m,0 and 1,non-edge (0); edge (1),binary,240,NA,NA,30,205_atlantic_spatial_forest_vegetation_edge240.tif,,,,
206,landscape,core and edge,forest vegetation edge area original 240 m,1 to infinity,identification,categorial,240,NA,NA,30,206_atlantic_spatial_forest_vegetation_edge240_id.tif,,,,
207,landscape,core and edge,forest vegetation edge area 240 m,0.09 to infinity,area,hectares,240,NA,NA,30,207_atlantic_spatial_forest_vegetation_edge240_area_ha.tif,,,,
208,landscape,core and edge,forest vegetation edge area original 240 m,0.09 to infinity,area,hectares,240,NA,NA,30,208_atlantic_spatial_forest_vegetation_edge240_area_ha_original.tif,,,,
209,landscape,core and edge,forest vegetation edge 240 m cover percentage using 50 m buffer,0 to 100,percentage,proportion,240,NA,50,30,209_atlantic_spatial_forest_vegetation_edge240_pct_buf0050.tif,,,,
210,landscape,core and edge,forest vegetation edge 240 m cover percentage using 100 m buffer,0 to 100,percentage,proportion,240,NA,100,30,210_atlantic_spatial_forest_vegetation_edge240_pct_buf0100.tif,,,,
211,landscape,core and edge,forest vegetation edge 240 m cover percentage using 150 m buffer,0 to 100,percentage,proportion,240,NA,150,30,211_atlantic_spatial_forest_vegetation_edge240_pct_buf0150.tif,,,,
212,landscape,core and edge,forest vegetation edge 240 m cover percentage using 200 m buffer,0 to 100,percentage,proportion,240,NA,200,30,212_atlantic_spatial_forest_vegetation_edge240_pct_buf0200.tif,,,,
213,landscape,core and edge,forest vegetation edge 240 m cover percentage using 250 m buffer,0 to 100,percentage,proportion,240,NA,250,30,213_atlantic_spatial_forest_vegetation_edge240_pct_buf0250.tif,,,,
214,landscape,core and edge,forest vegetation edge 240 m cover percentage using 500 m buffer,0 to 100,percentage,proportion,240,NA,500,30,214_atlantic_spatial_forest_vegetation_edge240_pct_buf0500.tif,,,,
215,landscape,core and edge,forest vegetation edge 240 m cover percentage using 750 m buffer,0 to 100,percentage,proportion,240,NA,750,30,215_atlantic_spatial_forest_vegetation_edge240_pct_buf0750.tif,,,,
216,landscape,core and edge,forest vegetation edge 240 m cover percentage using 1000 m buffer,0 to 100,percentage,proportion,240,NA,1000,30,216_atlantic_spatial_forest_vegetation_edge240_pct_buf1000.tif,,,,
217,landscape,core and edge,forest vegetation edge 240 m cover percentage using 1500 m buffer,0 to 100,percentage,proportion,240,NA,1500,60,217_atlantic_spatial_forest_vegetation_edge240_pct_buf1500.tif,,,,
218,landscape,core and edge,forest vegetation edge 240 m cover percentage using 2000 m buffer,0 to 100,percentage,proportion,240,NA,2000,60,218_atlantic_spatial_forest_vegetation_edge240_pct_buf2000.tif,,,,
219,landscape,core and edge,forest vegetation edge 240 m cover percentage using 2500 m buffer,0 to 100,percentage,proportion,240,NA,2500,60,219_atlantic_spatial_forest_vegetation_edge240_pct_buf2500.tif,,,,
220,landscape,core and edge,natural vegetation core 30 m,0 and 1,non-core (0); core (1),binary,30,NA,NA,30,220_atlantic_spatial_natural_vegetation_core030.tif,,,,
221,landscape,core and edge,natural vegetation core area original 30 m,1 to infinity,identification,categorial,30,NA,NA,30,221_atlantic_spatial_natural_vegetation_core030_id.tif,,,,
222,landscape,core and edge,natural vegetation core area 30 m,0.09 to infinity,area,hectares,30,NA,NA,30,222_atlantic_spatial_natural_vegetation_core030_area_ha.tif,,,,
223,landscape,core and edge,natural vegetation core area original 30 m,0.09 to infinity,area,hectares,30,NA,NA,30,223_atlantic_spatial_natural_vegetation_core030_area_ha_original.tif,,,,
224,landscape,core and edge,natural vegetation core number original 30 m,1 to infinity,number of cores,discrete,30,NA,NA,30,224_atlantic_spatial_natural_vegetation_core030_core_number.tif,,,,
225,landscape,core and edge,natural vegetation core 30 m cover percentage using 50 m buffer,0 to 100,percentage,proportion,30,NA,50,30,225_atlantic_spatial_natural_vegetation_core030_pct_buf0050.tif,,,,
226,landscape,core and edge,natural vegetation core 30 m cover percentage using 100 m buffer,0 to 100,percentage,proportion,30,NA,100,30,226_atlantic_spatial_natural_vegetation_core030_pct_buf0100.tif,,,,
227,landscape,core and edge,natural vegetation core 30 m cover percentage using 150 m buffer,0 to 100,percentage,proportion,30,NA,150,30,227_atlantic_spatial_natural_vegetation_core030_pct_buf0150.tif,,,,
228,landscape,core and edge,natural vegetation core 30 m cover percentage using 200 m buffer,0 to 100,percentage,proportion,30,NA,200,30,228_atlantic_spatial_natural_vegetation_core030_pct_buf0200.tif,,,,
229,landscape,core and edge,natural vegetation core 30 m cover percentage using 250 m buffer,0 to 100,percentage,proportion,30,NA,250,30,229_atlantic_spatial_natural_vegetation_core030_pct_buf0250.tif,,,,
230,landscape,core and edge,natural vegetation core 30 m cover percentage using 500 m buffer,0 to 100,percentage,proportion,30,NA,500,30,230_atlantic_spatial_natural_vegetation_core030_pct_buf0500.tif,,,,
231,landscape,core and edge,natural vegetation core 30 m cover percentage using 750 m buffer,0 to 100,percentage,proportion,30,NA,750,30,231_atlantic_spatial_natural_vegetation_core030_pct_buf0750.tif,,,,
232,landscape,core and edge,natural vegetation core 30 m cover percentage using 1000 m buffer,0 to 100,percentage,proportion,30,NA,1000,30,232_atlantic_spatial_natural_vegetation_core030_pct_buf1000.tif,,,,
233,landscape,core and edge,natural vegetation core 30 m cover percentage using 1500 m buffer,0 to 100,percentage,proportion,30,NA,1500,60,233_atlantic_spatial_natural_vegetation_core030_pct_buf1500.tif,,,,
234,landscape,core and edge,natural vegetation core 30 m cover percentage using 2000 m buffer,0 to 100,percentage,proportion,30,NA,2000,60,234_atlantic_spatial_natural_vegetation_core030_pct_buf2000.tif,,,,
235,landscape,core and edge,natural vegetation core 30 m cover percentage using 2500 m buffer,0 to 100,percentage,proportion,30,NA,2500,60,235_atlantic_spatial_natural_vegetation_core030_pct_buf2500.tif,,,,
236,landscape,core and edge,natural vegetation core 60 m,0 and 1,non-core (0); core (1),binary,60,NA,NA,30,236_atlantic_spatial_natural_vegetation_core060.tif,,,,
237,landscape,core and edge,natural vegetation core area original 60 m,1 to infinity,identification,categorial,60,NA,NA,30,237_atlantic_spatial_natural_vegetation_core060_id.tif,,,,
238,landscape,core and edge,natural vegetation core area 60 m,0.09 to infinity,area,hectares,60,NA,NA,30,238_atlantic_spatial_natural_vegetation_core060_area_ha.tif,,,,
239,landscape,core and edge,natural vegetation core area original 60 m,0.09 to infinity,area,hectares,60,NA,NA,30,239_atlantic_spatial_natural_vegetation_core060_area_ha_original.tif,,,,
240,landscape,core and edge,natural vegetation core number original 60 m,1 to infinity,number of cores,discrete,60,NA,NA,30,240_atlantic_spatial_natural_vegetation_core060_core_number.tif,,,,
241,landscape,core and edge,natural vegetation core 60 m cover percentage using 50 m buffer,0 to 100,percentage,proportion,60,NA,50,30,241_atlantic_spatial_natural_vegetation_core060_pct_buf0050.tif,,,,
242,landscape,core and edge,natural vegetation core 60 m cover percentage using 100 m buffer,0 to 100,percentage,proportion,60,NA,100,30,242_atlantic_spatial_natural_vegetation_core060_pct_buf0100.tif,,,,
243,landscape,core and edge,natural vegetation core 60 m cover percentage using 150 m buffer,0 to 100,percentage,proportion,60,NA,150,30,243_atlantic_spatial_natural_vegetation_core060_pct_buf0150.tif,,,,
244,landscape,core and edge,natural vegetation core 60 m cover percentage using 200 m buffer,0 to 100,percentage,proportion,60,NA,200,30,244_atlantic_spatial_natural_vegetation_core060_pct_buf0200.tif,,,,
245,landscape,core and edge,natural vegetation core 60 m cover percentage using 250 m buffer,0 to 100,percentage,proportion,60,NA,250,30,245_atlantic_spatial_natural_vegetation_core060_pct_buf0250.tif,,,,
246,landscape,core and edge,natural vegetation core 60 m cover percentage using 500 m buffer,0 to 100,percentage,proportion,60,NA,500,30,246_atlantic_spatial_natural_vegetation_core060_pct_buf0500.tif,,,,
247,landscape,core and edge,natural vegetation core 60 m cover percentage using 750 m buffer,0 to 100,percentage,proportion,60,NA,750,30,247_atlantic_spatial_natural_vegetation_core060_pct_buf0750.tif,,,,
248,landscape,core and edge,natural vegetation core 60 m cover percentage using 1000 m buffer,0 to 100,percentage,proportion,60,NA,1000,30,248_atlantic_spatial_natural_vegetation_core060_pct_buf1000.tif,,,,
249,landscape,core and edge,natural vegetation core 60 m cover percentage using 1500 m buffer,0 to 100,percentage,proportion,60,NA,1500,60,249_atlantic_spatial_natural_vegetation_core060_pct_buf1500.tif,,,,
250,landscape,core and edge,natural vegetation core 60 m cover percentage using 2000 m buffer,0 to 100,percentage,proportion,60,NA,2000,60,250_atlantic_spatial_natural_vegetation_core060_pct_buf2000.tif,,,,
251,landscape,core and edge,natural vegetation core 60 m cover percentage using 2500 m buffer,0 to 100,percentage,proportion,60,NA,2500,60,251_atlantic_spatial_natural_vegetation_core060_pct_buf2500.tif,,,,
252,landscape,core and edge,natural vegetation core 90 m,0 and 1,non-core (0); core (1),binary,90,NA,NA,30,252_atlantic_spatial_natural_vegetation_core090.tif,,,,
253,landscape,core and edge,natural vegetation core area original 90 m,1 to infinity,identification,categorial,90,NA,NA,30,253_atlantic_spatial_natural_vegetation_core090_id.tif,,,,
254,landscape,core and edge,natural vegetation core area 90 m,0.09 to infinity,area,hectares,90,NA,NA,30,254_atlantic_spatial_natural_vegetation_core090_area_ha.tif,,,,
255,landscape,core and edge,natural vegetation core area original 90 m,0.09 to infinity,area,hectares,90,NA,NA,30,255_atlantic_spatial_natural_vegetation_core090_area_ha_original.tif,,,,
256,landscape,core and edge,natural vegetation core number original 90 m,1 to infinity,number of cores,discrete,90,NA,NA,30,256_atlantic_spatial_natural_vegetation_core090_core_number.tif,,,,
257,landscape,core and edge,natural vegetation core 90 m cover percentage using 50 m buffer,0 to 100,percentage,proportion,90,NA,50,30,257_atlantic_spatial_natural_vegetation_core090_pct_buf0050.tif,,,,
258,landscape,core and edge,natural vegetation core 90 m cover percentage using 100 m buffer,0 to 100,percentage,proportion,90,NA,100,30,258_atlantic_spatial_natural_vegetation_core090_pct_buf0100.tif,,,,
259,landscape,core and edge,natural vegetation core 90 m cover percentage using 150 m buffer,0 to 100,percentage,proportion,90,NA,150,30,259_atlantic_spatial_natural_vegetation_core090_pct_buf0150.tif,,,,
260,landscape,core and edge,natural vegetation core 90 m cover percentage using 200 m buffer,0 to 100,percentage,proportion,90,NA,200,30,260_atlantic_spatial_natural_vegetation_core090_pct_buf0200.tif,,,,
261,landscape,core and edge,natural vegetation core 90 m cover percentage using 250 m buffer,0 to 100,percentage,proportion,90,NA,250,30,261_atlantic_spatial_natural_vegetation_core090_pct_buf0250.tif,,,,
262,landscape,core and edge,natural vegetation core 90 m cover percentage using 500 m buffer,0 to 100,percentage,proportion,90,NA,500,30,262_atlantic_spatial_natural_vegetation_core090_pct_buf0500.tif,,,,
263,landscape,core and edge,natural vegetation core 90 m cover percentage using 750 m buffer,0 to 100,percentage,proportion,90,NA,750,30,263_atlantic_spatial_natural_vegetation_core090_pct_buf0750.tif,,,,
264,landscape,core and edge,natural vegetation core 90 m cover percentage using 1000 m buffer,0 to 100,percentage,proportion,90,NA,1000,30,264_atlantic_spatial_natural_vegetation_core090_pct_buf1000.tif,,,,
265,landscape,core and edge,natural vegetation core 90 m cover percentage using 1500 m buffer,0 to 100,percentage,proportion,90,NA,1500,60,265_atlantic_spatial_natural_vegetation_core090_pct_buf1500.tif,,,,
266,landscape,core and edge,natural vegetation core 90 m cover percentage using 2000 m buffer,0 to 100,percentage,proportion,90,NA,2000,60,266_atlantic_spatial_natural_vegetation_core090_pct_buf2000.tif,,,,
267,landscape,core and edge,natural vegetation core 90 m cover percentage using 2500 m buffer,0 to 100,percentage,proportion,90,NA,2500,60,267_atlantic_spatial_natural_vegetation_core090_pct_buf2500.tif,,,,
268,landscape,core and edge,natural vegetation core 120 m,0 and 1,non-core (0); core (1),binary,120,NA,NA,30,268_atlantic_spatial_natural_vegetation_core120.tif,,,,
269,landscape,core and edge,natural vegetation core area original 120 m,1 to infinity,identification,categorial,120,NA,NA,30,269_atlantic_spatial_natural_vegetation_core120_id.tif,,,,
270,landscape,core and edge,natural vegetation core area 120 m,0.09 to infinity,area,hectares,120,NA,NA,30,270_atlantic_spatial_natural_vegetation_core120_area_ha.tif,,,,
271,landscape,core and edge,natural vegetation core area original 120 m,0.09 to infinity,area,hectares,120,NA,NA,30,271_atlantic_spatial_natural_vegetation_core120_area_ha_original.tif,,,,
272,landscape,core and edge,natural vegetation core number original 120 m,1 to infinity,number of cores,discrete,120,NA,NA,30,272_atlantic_spatial_natural_vegetation_core120_core_number.tif,,,,
273,landscape,core and edge,natural vegetation core 120 m cover percentage using 50 m buffer,0 to 100,percentage,proportion,120,NA,50,30,273_atlantic_spatial_natural_vegetation_core120_pct_buf0050.tif,,,,
274,landscape,core and edge,natural vegetation core 120 m cover percentage using 100 m buffer,0 to 100,percentage,proportion,120,NA,100,30,274_atlantic_spatial_natural_vegetation_core120_pct_buf0100.tif,,,,
275,landscape,core and edge,natural vegetation core 120 m cover percentage using 150 m buffer,0 to 100,percentage,proportion,120,NA,150,30,275_atlantic_spatial_natural_vegetation_core120_pct_buf0150.tif,,,,
276,landscape,core and edge,natural vegetation core 120 m cover percentage using 200 m buffer,0 to 100,percentage,proportion,120,NA,200,30,276_atlantic_spatial_natural_vegetation_core120_pct_buf0200.tif,,,,
277,landscape,core and edge,natural vegetation core 120 m cover percentage using 250 m buffer,0 to 100,percentage,proportion,120,NA,250,30,277_atlantic_spatial_natural_vegetation_core120_pct_buf0250.tif,,,,
278,landscape,core and edge,natural vegetation core 120 m cover percentage using 500 m buffer,0 to 100,percentage,proportion,120,NA,500,30,278_atlantic_spatial_natural_vegetation_core120_pct_buf0500.tif,,,,
279,landscape,core and edge,natural vegetation core 120 m cover percentage using 750 m buffer,0 to 100,percentage,proportion,120,NA,750,30,279_atlantic_spatial_natural_vegetation_core120_pct_buf0750.tif,,,,
280,landscape,core and edge,natural vegetation core 120 m cover percentage using 1000 m buffer,0 to 100,percentage,proportion,120,NA,1000,30,280_atlantic_spatial_natural_vegetation_core120_pct_buf1000.tif,,,,
281,landscape,core and edge,natural vegetation core 120 m cover percentage using 1500 m buffer,0 to 100,percentage,proportion,120,NA,1500,60,281_atlantic_spatial_natural_vegetation_core120_pct_buf1500.tif,,,,
282,landscape,core and edge,natural vegetation core 120 m cover percentage using 2000 m buffer,0 to 100,percentage,proportion,120,NA,2000,60,282_atlantic_spatial_natural_vegetation_core120_pct_buf2000.tif,,,,
283,landscape,core and edge,natural vegetation core 120 m cover percentage using 2500 m buffer,0 to 100,percentage,proportion,120,NA,2500,60,283_atlantic_spatial_natural_vegetation_core120_pct_buf2500.tif,,,,
284,landscape,core and edge,natural vegetation core 240 m,0 and 1,non-core (0); core (1),binary,240,NA,NA,30,284_atlantic_spatial_natural_vegetation_core240.tif,,,,
285,landscape,core and edge,natural vegetation core area original 240 m,1 to infinity,identification,categorial,240,NA,NA,30,285_atlantic_spatial_natural_vegetation_core240_id.tif,,,,
286,landscape,core and edge,natural vegetation core area 240 m,0.09 to infinity,area,hectares,240,NA,NA,30,286_atlantic_spatial_natural_vegetation_core240_area_ha.tif,,,,
287,landscape,core and edge,natural vegetation core area original 240 m,0.09 to infinity,area,hectares,240,NA,NA,30,287_atlantic_spatial_natural_vegetation_core240_area_ha_original.tif,,,,
288,landscape,core and edge,natural vegetation core number original 240 m,1 to infinity,number of cores,discrete,240,NA,NA,30,288_atlantic_spatial_natural_vegetation_core240_core_number.tif,,,,
289,landscape,core and edge,natural vegetation core 240 m cover percentage using 50 m buffer,0 to 100,percentage,proportion,240,NA,50,30,289_atlantic_spatial_natural_vegetation_core240_pct_buf0050.tif,,,,
290,landscape,core and edge,natural vegetation core 240 m cover percentage using 100 m buffer,0 to 100,percentage,proportion,240,NA,100,30,290_atlantic_spatial_natural_vegetation_core240_pct_buf0100.tif,,,,
291,landscape,core and edge,natural vegetation core 240 m cover percentage using 150 m buffer,0 to 100,percentage,proportion,240,NA,150,30,291_atlantic_spatial_natural_vegetation_core240_pct_buf0150.tif,,,,
292,landscape,core and edge,natural vegetation core 240 m cover percentage using 200 m buffer,0 to 100,percentage,proportion,240,NA,200,30,292_atlantic_spatial_natural_vegetation_core240_pct_buf0200.tif,,,,
293,landscape,core and edge,natural vegetation core 240 m cover percentage using 250 m buffer,0 to 100,percentage,proportion,240,NA,250,30,293_atlantic_spatial_natural_vegetation_core240_pct_buf0250.tif,,,,
294,landscape,core and edge,natural vegetation core 240 m cover percentage using 500 m buffer,0 to 100,percentage,proportion,240,NA,500,30,294_atlantic_spatial_natural_vegetation_core240_pct_buf0500.tif,,,,
295,landscape,core and edge,natural vegetation core 240 m cover percentage using 750 m buffer,0 to 100,percentage,proportion,240,NA,750,30,295_atlantic_spatial_natural_vegetation_core240_pct_buf0750.tif,,,,
296,landscape,core and edge,natural vegetation core 240 m cover percentage using 1000 m buffer,0 to 100,percentage,proportion,240,NA,1000,30,296_atlantic_spatial_natural_vegetation_core240_pct_buf1000.tif,,,,
297,landscape,core and edge,natural vegetation core 240 m cover percentage using 1500 m buffer,0 to 100,percentage,proportion,240,NA,1500,60,297_atlantic_spatial_natural_vegetation_core240_pct_buf1500.tif,,,,
298,landscape,core and edge,natural vegetation core 240 m cover percentage using 2000 m buffer,0 to 100,percentage,proportion,240,NA,2000,60,298_atlantic_spatial_natural_vegetation_core240_pct_buf2000.tif,,,,
299,landscape,core and edge,natural vegetation core 240 m cover percentage using 2500 m buffer,0 to 100,percentage,proportion,240,NA,2500,60,299_atlantic_spatial_natural_vegetation_core240_pct_buf2500.tif,,,,
300,landscape,core and edge,natural vegetation edge 30 m,0 and 1,non-edge (0); edge (1),binary,30,NA,NA,30,300_atlantic_spatial_natural_vegetation_edge030.tif,,,,
301,landscape,core and edge,natural vegetation edge area original 30 m,1 to infinity,identification,categorial,30,NA,NA,30,301_atlantic_spatial_natural_vegetation_edge030_id.tif,,,,
302,landscape,core and edge,natural vegetation edge area 30 m,0.09 to infinity,area,hectares,30,NA,NA,30,302_atlantic_spatial_natural_vegetation_edge030_area_ha.tif,,,,
303,landscape,core and edge,natural vegetation edge area original 30 m,0.09 to infinity,area,hectares,30,NA,NA,30,303_atlantic_spatial_natural_vegetation_edge030_area_ha_original.tif,,,,
304,landscape,core and edge,natural vegetation edge 30 m cover percentage using 50 m buffer,0 to 100,percentage,proportion,30,NA,50,30,304_atlantic_spatial_natural_vegetation_edge030_pct_buf0050.tif,,,,
305,landscape,core and edge,natural vegetation edge 30 m cover percentage using 100 m buffer,0 to 100,percentage,proportion,30,NA,100,30,305_atlantic_spatial_natural_vegetation_edge030_pct_buf0100.tif,,,,
306,landscape,core and edge,natural vegetation edge 30 m cover percentage using 150 m buffer,0 to 100,percentage,proportion,30,NA,150,30,306_atlantic_spatial_natural_vegetation_edge030_pct_buf0150.tif,,,,
307,landscape,core and edge,natural vegetation edge 30 m cover percentage using 200 m buffer,0 to 100,percentage,proportion,30,NA,200,30,307_atlantic_spatial_natural_vegetation_edge030_pct_buf0200.tif,,,,
308,landscape,core and edge,natural vegetation edge 30 m cover percentage using 250 m buffer,0 to 100,percentage,proportion,30,NA,250,30,308_atlantic_spatial_natural_vegetation_edge030_pct_buf0250.tif,,,,
309,landscape,core and edge,natural vegetation edge 30 m cover percentage using 500 m buffer,0 to 100,percentage,proportion,30,NA,500,30,309_atlantic_spatial_natural_vegetation_edge030_pct_buf0500.tif,,,,
310,landscape,core and edge,natural vegetation edge 30 m cover percentage using 750 m buffer,0 to 100,percentage,proportion,30,NA,750,30,310_atlantic_spatial_natural_vegetation_edge030_pct_buf0750.tif,,,,
311,landscape,core and edge,natural vegetation edge 30 m cover percentage using 1000 m buffer,0 to 100,percentage,proportion,30,NA,1000,30,311_atlantic_spatial_natural_vegetation_edge030_pct_buf1000.tif,,,,
312,landscape,core and edge,natural vegetation edge 30 m cover percentage using 1500 m buffer,0 to 100,percentage,proportion,30,NA,1500,60,312_atlantic_spatial_natural_vegetation_edge030_pct_buf1500.tif,,,,
313,landscape,core and edge,natural vegetation edge 30 m cover percentage using 2000 m buffer,0 to 100,percentage,proportion,30,NA,2000,60,313_atlantic_spatial_natural_vegetation_edge030_pct_buf2000.tif,,,,
314,landscape,core and edge,natural vegetation edge 30 m cover percentage using 2500 m buffer,0 to 100,percentage,proportion,30,NA,2500,60,314_atlantic_spatial_natural_vegetation_edge030_pct_buf2500.tif,,,,
315,landscape,core and edge,natural vegetation edge 60 m,0 and 1,non-edge (0); edge (1),binary,60,NA,NA,30,315_atlantic_spatial_natural_vegetation_edge060.tif,,,,
316,landscape,core and edge,natural vegetation edge area original 60 m,1 to infinity,identification,categorial,60,NA,NA,30,316_atlantic_spatial_natural_vegetation_edge060_id.tif,,,,
317,landscape,core and edge,natural vegetation edge area 60 m,0.09 to infinity,area,hectares,60,NA,NA,30,317_atlantic_spatial_natural_vegetation_edge060_area_ha.tif,,,,
318,landscape,core and edge,natural vegetation edge area original 60 m,0.09 to infinity,area,hectares,60,NA,NA,30,318_atlantic_spatial_natural_vegetation_edge060_area_ha_original.tif,,,,
319,landscape,core and edge,natural vegetation edge 60 m cover percentage using 50 m buffer,0 to 100,percentage,proportion,60,NA,50,30,319_atlantic_spatial_natural_vegetation_edge060_pct_buf0050.tif,,,,
320,landscape,core and edge,natural vegetation edge 60 m cover percentage using 100 m buffer,0 to 100,percentage,proportion,60,NA,100,30,320_atlantic_spatial_natural_vegetation_edge060_pct_buf0100.tif,,,,
321,landscape,core and edge,natural vegetation edge 60 m cover percentage using 150 m buffer,0 to 100,percentage,proportion,60,NA,150,30,321_atlantic_spatial_natural_vegetation_edge060_pct_buf0150.tif,,,,
322,landscape,core and edge,natural vegetation edge 60 m cover percentage using 200 m buffer,0 to 100,percentage,proportion,60,NA,200,30,322_atlantic_spatial_natural_vegetation_edge060_pct_buf0200.tif,,,,
323,landscape,core and edge,natural vegetation edge 60 m cover percentage using 250 m buffer,0 to 100,percentage,proportion,60,NA,250,30,323_atlantic_spatial_natural_vegetation_edge060_pct_buf0250.tif,,,,
324,landscape,core and edge,natural vegetation edge 60 m cover percentage using 500 m buffer,0 to 100,percentage,proportion,60,NA,500,30,324_atlantic_spatial_natural_vegetation_edge060_pct_buf0500.tif,,,,
325,landscape,core and edge,natural vegetation edge 60 m cover percentage using 750 m buffer,0 to 100,percentage,proportion,60,NA,750,30,325_atlantic_spatial_natural_vegetation_edge060_pct_buf0750.tif,,,,
326,landscape,core and edge,natural vegetation edge 60 m cover percentage using 1000 m buffer,0 to 100,percentage,proportion,60,NA,1000,30,326_atlantic_spatial_natural_vegetation_edge060_pct_buf1000.tif,,,,
327,landscape,core and edge,natural vegetation edge 60 m cover percentage using 1500 m buffer,0 to 100,percentage,proportion,60,NA,1500,60,327_atlantic_spatial_natural_vegetation_edge060_pct_buf1500.tif,,,,
328,landscape,core and edge,natural vegetation edge 60 m cover percentage using 2000 m buffer,0 to 100,percentage,proportion,60,NA,2000,60,328_atlantic_spatial_natural_vegetation_edge060_pct_buf2000.tif,,,,
329,landscape,core and edge,natural vegetation edge 60 m cover percentage using 2500 m buffer,0 to 100,percentage,proportion,60,NA,2500,60,329_atlantic_spatial_natural_vegetation_edge060_pct_buf2500.tif,,,,
330,landscape,core and edge,natural vegetation edge 90 m,0 and 1,non-edge (0); edge (1),binary,90,NA,NA,30,330_atlantic_spatial_natural_vegetation_edge090.tif,,,,
331,landscape,core and edge,natural vegetation edge area original 90 m,1 to infinity,identification,categorial,90,NA,NA,30,331_atlantic_spatial_natural_vegetation_edge090_id.tif,,,,
332,landscape,core and edge,natural vegetation edge area 90 m,0.09 to infinity,area,hectares,90,NA,NA,30,332_atlantic_spatial_natural_vegetation_edge090_area_ha.tif,,,,
333,landscape,core and edge,natural vegetation edge area original 90 m,0.09 to infinity,area,hectares,90,NA,NA,30,333_atlantic_spatial_natural_vegetation_edge090_area_ha_original.tif,,,,
334,landscape,core and edge,natural vegetation edge 90 m cover percentage using 50 m buffer,0 to 100,percentage,proportion,90,NA,50,30,334_atlantic_spatial_natural_vegetation_edge090_pct_buf0050.tif,,,,
335,landscape,core and edge,natural vegetation edge 90 m cover percentage using 100 m buffer,0 to 100,percentage,proportion,90,NA,100,30,335_atlantic_spatial_natural_vegetation_edge090_pct_buf0100.tif,,,,
336,landscape,core and edge,natural vegetation edge 90 m cover percentage using 150 m buffer,0 to 100,percentage,proportion,90,NA,150,30,336_atlantic_spatial_natural_vegetation_edge090_pct_buf0150.tif,,,,
337,landscape,core and edge,natural vegetation edge 90 m cover percentage using 200 m buffer,0 to 100,percentage,proportion,90,NA,200,30,337_atlantic_spatial_natural_vegetation_edge090_pct_buf0200.tif,,,,
338,landscape,core and edge,natural vegetation edge 90 m cover percentage using 250 m buffer,0 to 100,percentage,proportion,90,NA,250,30,338_atlantic_spatial_natural_vegetation_edge090_pct_buf0250.tif,,,,
339,landscape,core and edge,natural vegetation edge 90 m cover percentage using 500 m buffer,0 to 100,percentage,proportion,90,NA,500,30,339_atlantic_spatial_natural_vegetation_edge090_pct_buf0500.tif,,,,
340,landscape,core and edge,natural vegetation edge 90 m cover percentage using 750 m buffer,0 to 100,percentage,proportion,90,NA,750,30,340_atlantic_spatial_natural_vegetation_edge090_pct_buf0750.tif,,,,
341,landscape,core and edge,natural vegetation edge 90 m cover percentage using 1000 m buffer,0 to 100,percentage,proportion,90,NA,1000,30,341_atlantic_spatial_natural_vegetation_edge090_pct_buf1000.tif,,,,
342,landscape,core and edge,natural vegetation edge 90 m cover percentage using 1500 m buffer,0 to 100,percentage,proportion,90,NA,1500,60,342_atlantic_spatial_natural_vegetation_edge090_pct_buf1500.tif,,,,
343,landscape,core and edge,natural vegetation edge 90 m cover percentage using 2000 m buffer,0 to 100,percentage,proportion,90,NA,2000,60,343_atlantic_spatial_natural_vegetation_edge090_pct_buf2000.tif,,,,
344,landscape,core and edge,natural vegetation edge 90 m cover percentage using 2500 m buffer,0 to 100,percentage,proportion,90,NA,2500,60,344_atlantic_spatial_natural_vegetation_edge090_pct_buf2500.tif,,,,
345,landscape,core and edge,natural vegetation edge 120 m,0 and 1,non-edge (0); edge (1),binary,120,NA,NA,30,345_atlantic_spatial_natural_vegetation_edge120.tif,,,,
346,landscape,core and edge,natural vegetation edge area original 120 m,1 to infinity,identification,categorial,120,NA,NA,30,346_atlantic_spatial_natural_vegetation_edge120_id.tif,,,,
347,landscape,core and edge,natural vegetation edge area 120 m,0.09 to infinity,area,hectares,120,NA,NA,30,347_atlantic_spatial_natural_vegetation_edge120_area_ha.tif,,,,
348,landscape,core and edge,natural vegetation edge area original 120 m,0.09 to infinity,area,hectares,120,NA,NA,30,348_atlantic_spatial_natural_vegetation_edge120_area_ha_original.tif,,,,
349,landscape,core and edge,natural vegetation edge 120 m cover percentage using 50 m buffer,0 to 100,percentage,proportion,120,NA,50,30,349_atlantic_spatial_natural_vegetation_edge120_pct_buf0050.tif,,,,
350,landscape,core and edge,natural vegetation edge 120 m cover percentage using 100 m buffer,0 to 100,percentage,proportion,120,NA,100,30,350_atlantic_spatial_natural_vegetation_edge120_pct_buf0100.tif,,,,
351,landscape,core and edge,natural vegetation edge 120 m cover percentage using 150 m buffer,0 to 100,percentage,proportion,120,NA,150,30,351_atlantic_spatial_natural_vegetation_edge120_pct_buf0150.tif,,,,
352,landscape,core and edge,natural vegetation edge 120 m cover percentage using 200 m buffer,0 to 100,percentage,proportion,120,NA,200,30,352_atlantic_spatial_natural_vegetation_edge120_pct_buf0200.tif,,,,
353,landscape,core and edge,natural vegetation edge 120 m cover percentage using 250 m buffer,0 to 100,percentage,proportion,120,NA,250,30,353_atlantic_spatial_natural_vegetation_edge120_pct_buf0250.tif,,,,
354,landscape,core and edge,natural vegetation edge 120 m cover percentage using 500 m buffer,0 to 100,percentage,proportion,120,NA,500,30,354_atlantic_spatial_natural_vegetation_edge120_pct_buf0500.tif,,,,
355,landscape,core and edge,natural vegetation edge 120 m cover percentage using 750 m buffer,0 to 100,percentage,proportion,120,NA,750,30,355_atlantic_spatial_natural_vegetation_edge120_pct_buf0750.tif,,,,
356,landscape,core and edge,natural vegetation edge 120 m cover percentage using 1000 m buffer,0 to 100,percentage,proportion,120,NA,1000,30,356_atlantic_spatial_natural_vegetation_edge120_pct_buf1000.tif,,,,
357,landscape,core and edge,natural vegetation edge 120 m cover percentage using 1500 m buffer,0 to 100,percentage,proportion,120,NA,1500,60,357_atlantic_spatial_natural_vegetation_edge120_pct_buf1500.tif,,,,
358,landscape,core and edge,natural vegetation edge 120 m cover percentage using 2000 m buffer,0 to 100,percentage,proportion,120,NA,2000,60,358_atlantic_spatial_natural_vegetation_edge120_pct_buf2000.tif,,,,
359,landscape,core and edge,natural vegetation edge 120 m cover percentage using 2500 m buffer,0 to 100,percentage,proportion,120,NA,2500,60,359_atlantic_spatial_natural_vegetation_edge120_pct_buf2500.tif,,,,
360,landscape,core and edge,natural vegetation edge 240 m,0 and 1,non-edge (0); edge (1),binary,240,NA,NA,30,360_atlantic_spatial_natural_vegetation_edge240.tif,,,,
361,landscape,core and edge,natural vegetation edge area original 240 m,1 to infinity,identification,categorial,240,NA,NA,30,361_atlantic_spatial_natural_vegetation_edge240_id.tif,,,,
362,landscape,core and edge,natural vegetation edge area 240 m,0.09 to infinity,area,hectares,240,NA,NA,30,362_atlantic_spatial_natural_vegetation_edge240_area_ha.tif,,,,
363,landscape,core and edge,natural vegetation edge area original 240 m,0.09 to infinity,area,hectares,240,NA,NA,30,363_atlantic_spatial_natural_vegetation_edge240_area_ha_original.tif,,,,
364,landscape,core and edge,natural vegetation edge 240 m cover percentage using 50 m buffer,0 to 100,percentage,proportion,240,NA,50,30,364_atlantic_spatial_natural_vegetation_edge240_pct_buf0050.tif,,,,
365,landscape,core and edge,natural vegetation edge 240 m cover percentage using 100 m buffer,0 to 100,percentage,proportion,240,NA,100,30,365_atlantic_spatial_natural_vegetation_edge240_pct_buf0100.tif,,,,
366,landscape,core and edge,natural vegetation edge 240 m cover percentage using 150 m buffer,0 to 100,percentage,proportion,240,NA,150,30,366_atlantic_spatial_natural_vegetation_edge240_pct_buf0150.tif,,,,
367,landscape,core and edge,natural vegetation edge 240 m cover percentage using 200 m buffer,0 to 100,percentage,proportion,240,NA,200,30,367_atlantic_spatial_natural_vegetation_edge240_pct_buf0200.tif,,,,
368,landscape,core and edge,natural vegetation edge 240 m cover percentage using 250 m buffer,0 to 100,percentage,proportion,240,NA,250,30,368_atlantic_spatial_natural_vegetation_edge240_pct_buf0250.tif,,,,
369,landscape,core and edge,natural vegetation edge 240 m cover percentage using 500 m buffer,0 to 100,percentage,proportion,240,NA,500,30,369_atlantic_spatial_natural_vegetation_edge240_pct_buf0500.tif,,,,
370,landscape,core and edge,natural vegetation edge 240 m cover percentage using 750 m buffer,0 to 100,percentage,proportion,240,NA,750,30,370_atlantic_spatial_natural_vegetation_edge240_pct_buf0750.tif,,,,
371,landscape,core and edge,natural vegetation edge 240 m cover percentage using 1000 m buffer,0 to 100,percentage,proportion,240,NA,1000,30,371_atlantic_spatial_natural_vegetation_edge240_pct_buf1000.tif,,,,
372,landscape,core and edge,natural vegetation edge 240 m cover percentage using 1500 m buffer,0 to 100,percentage,proportion,240,NA,1500,60,372_atlantic_spatial_natural_vegetation_edge240_pct_buf1500.tif,,,,
373,landscape,core and edge,natural vegetation edge 240 m cover percentage using 2000 m buffer,0 to 100,percentage,proportion,240,NA,2000,60,373_atlantic_spatial_natural_vegetation_edge240_pct_buf2000.tif,,,,
374,landscape,core and edge,natural vegetation edge 240 m cover percentage using 2500 m buffer,0 to 100,percentage,proportion,240,NA,2500,60,374_atlantic_spatial_natural_vegetation_edge240_pct_buf2500.tif,,,,
375,landscape,perimeter,forest vegetation fragment perimeter,0 to infinity,length,meters,NA,NA,NA,30,375_atlantic_spatial_forest_vegetation_perimeter.tif,,,,
376,landscape,perimeter,forest vegetation fragment perimeter area ratio,0 to 1,length/area,meters/hectares,NA,NA,NA,30,376_atlantic_spatial_forest_vegetation_perimeter_area_ratio.tif,,,,
377,landscape,perimeter,natural vegetation fragment perimeter,0 to infinity,length,meters,NA,NA,NA,30,377_atlantic_spatial_natural_vegetation_perimeter.tif,,,,
378,landscape,perimeter,natural vegetation fragment perimeter area ratio,0 to 1,length/area,meters/hectares,NA,NA,NA,30,378_atlantic_spatial_natural_vegetation_perimeter_area_ratio.tif,,,,
379,landscape,distance,forest vegetation euclidean distance inside from edge,0 to infinity,distance,meters,NA,NA,NA,30,379_atlantic_spatial_forest_vegetation_distance_inside.tif,,,,
380,landscape,distance,forest vegetation euclidean distance outside from edge,0 to infinity,distance,meters,NA,NA,NA,30,380_atlantic_spatial_forest_vegetation_distance_outside.tif,,,,
381,landscape,distance,forest vegetation euclidean distance inside and outside from edge,0 to infinity,distance,meters,NA,NA,NA,30,381_atlantic_spatial_forest_vegetation_distance.tif,,,,
382,landscape,distance,natural vegetation euclidean distance inside from edge,0 to infinity,distance,meters,NA,NA,NA,30,382_atlantic_spatial_natural_vegetation_distance_inside.tif,,,,
383,landscape,distance,natural vegetation euclidean distance outside from edge,0 to infinity,distance,meters,NA,NA,NA,30,383_atlantic_spatial_natural_vegetation_distance_outside.tif,,,,
384,landscape,distance,natural vegetation euclidean distance inside and outside from edge,0 to infinity,distance,meters,NA,NA,NA,30,384_atlantic_spatial_natural_vegetation_distance.tif,,,,
385,landscape,structural connectivity,forest vegetation structural connected area,0.09 to infinity,area,hectares,30,NA,NA,30,385_atlantic_spatial_forest_vegetation_structural_connected_area.tif,,,,
386,landscape,structural connectivity,forest vegetation structural connectivity,0.09 to infinity,area,hectares,30,NA,NA,30,386_atlantic_spatial_forest_vegetation_structural_connectivity.tif,,,,
387,landscape,structural connectivity,natural vegetation structural connected area,0.09 to infinity,area,hectares,30,NA,NA,30,387_atlantic_spatial_natural_vegetation_structural_connected_area.tif,,,,
388,landscape,structural connectivity,natural vegetation structural connectivity,0.09 to infinity,area,hectares,30,NA,NA,30,388_atlantic_spatial_natural_vegetation_structural_connectivity.tif,,,,
389,landscape,functional connectivity,forest vegetation functional connectivity for gap crossing 60 m dilation,NA and 1,dilation,unitary,NA,60,NA,30,389_atlantic_spatial_forest_vegetation_functional_connectivity060_dilation.tif,,,,
390,landscape,functional connectivity,forest vegetation functional connectivity for gap crossing 60 m dilation,NA and 1,dilation,unitary,NA,120,NA,30,390_atlantic_spatial_forest_vegetation_functional_connectivity120_dilation.tif,,,,
391,landscape,functional connectivity,forest vegetation functional connectivity for gap crossing 60 m dilation,NA and 1,dilation,unitary,NA,180,NA,30,391_atlantic_spatial_forest_vegetation_functional_connectivity180_dilation.tif,,,,
392,landscape,functional connectivity,forest vegetation functional connectivity for gap crossing 60 m dilation,NA and 1,dilation,unitary,NA,240,NA,30,392_atlantic_spatial_forest_vegetation_functional_connectivity240_dilation.tif,,,,
393,landscape,functional connectivity,forest vegetation functional connectivity for gap crossing 60 m dilation,NA and 1,dilation,unitary,NA,300,NA,30,393_atlantic_spatial_forest_vegetation_functional_connectivity300_dilation.tif,,,,
394,landscape,functional connectivity,forest vegetation functional connectivity for gap crossing 60 m dilation,NA and 1,dilation,unitary,NA,600,NA,30,394_atlantic_spatial_forest_vegetation_functional_connectivity600_dilation.tif,,,,
395,landscape,functional connectivity,forest vegetation functional connectivity id for gap crossing 60 m,1 to infinity,identification,categorial,NA,60,NA,30,395_atlantic_spatial_forest_vegetation_functional_connected_area060_id.tif,,,,
396,landscape,functional connectivity,forest vegetation functional connectivity id for gap crossing 120 m,1 to infinity,identification,categorial,NA,120,NA,30,396_atlantic_spatial_forest_vegetation_functional_connected_area120_id.tif,,,,
397,landscape,functional connectivity,forest vegetation functional connectivity id for gap crossing 180 m,1 to infinity,identification,categorial,NA,180,NA,30,397_atlantic_spatial_forest_vegetation_functional_connected_area180_id.tif,,,,
398,landscape,functional connectivity,forest vegetation functional connectivity id for gap crossing 240 m,1 to infinity,identification,categorial,NA,240,NA,30,398_atlantic_spatial_forest_vegetation_functional_connected_area240_id.tif,,,,
399,landscape,functional connectivity,forest vegetation functional connectivity id for gap crossing 300 m,1 to infinity,identification,categorial,NA,300,NA,30,399_atlantic_spatial_forest_vegetation_functional_connected_area300_id.tif,,,,
400,landscape,functional connectivity,forest vegetation functional connectivity id for gap crossing 600 m,1 to infinity,identification,categorial,NA,600,NA,30,400_atlantic_spatial_forest_vegetation_functional_connected_area600_id.tif,,,,
401,landscape,functional connectivity,forest vegetation functional connectivity area for gap crossing 60 m,0.09 to infinity,area,hectares,NA,60,NA,30,401_atlantic_spatial_forest_vegetation_functional_connected_area060_area.tif,,,,
402,landscape,functional connectivity,forest vegetation functional connectivity area for gap crossing 120 m,0.09 to infinity,area,hectares,NA,120,NA,30,402_atlantic_spatial_forest_vegetation_functional_connected_area120_area.tif,,,,
403,landscape,functional connectivity,forest vegetation functional connectivity area for gap crossing 180 m,0.09 to infinity,area,hectares,NA,180,NA,30,403_atlantic_spatial_forest_vegetation_functional_connected_area180_area.tif,,,,
404,landscape,functional connectivity,forest vegetation functional connectivity area for gap crossing 240 m,0.09 to infinity,area,hectares,NA,240,NA,30,404_atlantic_spatial_forest_vegetation_functional_connected_area240_area.tif,,,,
405,landscape,functional connectivity,forest vegetation functional connectivity area for gap crossing 300 m,0.09 to infinity,area,hectares,NA,300,NA,30,405_atlantic_spatial_forest_vegetation_functional_connected_area300_area.tif,,,,
406,landscape,functional connectivity,forest vegetation functional connectivity area for gap crossing 600 m,0.09 to infinity,area,hectares,NA,600,NA,30,406_atlantic_spatial_forest_vegetation_functional_connected_area600_area.tif,,,,
407,landscape,functional connectivity,forest vegetation functional connectivity for gap crossing 60 m,0.09 to infinity,area,hectares,NA,60,NA,30,407_atlantic_spatial_forest_vegetation_functional_connectivity060.tif,,,,
408,landscape,functional connectivity,forest vegetation functional connectivity for gap crossing 120 m,0.09 to infinity,area,hectares,NA,120,NA,30,408_atlantic_spatial_forest_vegetation_functional_connectivity120.tif,,,,
409,landscape,functional connectivity,forest vegetation functional connectivity for gap crossing 180 m,0.09 to infinity,area,hectares,NA,180,NA,30,409_atlantic_spatial_forest_vegetation_functional_connectivity180.tif,,,,
410,landscape,functional connectivity,forest vegetation functional connectivity for gap crossing 240 m,0.09 to infinity,area,hectares,NA,240,NA,30,410_atlantic_spatial_forest_vegetation_functional_connectivity240.tif,,,,
411,landscape,functional connectivity,forest vegetation functional connectivity for gap crossing 300 m,0.09 to infinity,area,hectares,NA,300,NA,30,411_atlantic_spatial_forest_vegetation_functional_connectivity300.tif,,,,
412,landscape,functional connectivity,forest vegetation functional connectivity for gap crossing 600 m,0.09 to infinity,area,hectares,NA,600,NA,30,412_atlantic_spatial_forest_vegetation_functional_connectivity600.tif,,,,
413,landscape,functional connectivity,natural vegetation functional connectivity for gap crossing 60 m,NA and 1,dilation,unitary,NA,60,NA,30,413_atlantic_spatial_natural_vegetation_functional_connectivity060_dilation.tif,,,,
414,landscape,functional connectivity,natural vegetation functional connectivity for gap crossing 120 m,NA and 1,dilation,unitary,NA,120,NA,30,414_atlantic_spatial_natural_vegetation_functional_connectivity120_dilation.tif,,,,
415,landscape,functional connectivity,natural vegetation functional connectivity for gap crossing 180 m,NA and 1,dilation,unitary,NA,180,NA,30,415_atlantic_spatial_natural_vegetation_functional_connectivity180_dilation.tif,,,,
416,landscape,functional connectivity,natural vegetation functional connectivity for gap crossing 240 m,NA and 1,dilation,unitary,NA,240,NA,30,416_atlantic_spatial_natural_vegetation_functional_connectivity240_dilation.tif,,,,
417,landscape,functional connectivity,natural vegetation functional connectivity for gap crossing 300 m,NA and 1,dilation,unitary,NA,300,NA,30,417_atlantic_spatial_natural_vegetation_functional_connectivity300_dilation.tif,,,,
418,landscape,functional connectivity,natural vegetation functional connectivity for gap crossing 600 m,NA and 1,dilation,unitary,NA,600,NA,30,418_atlantic_spatial_natural_vegetation_functional_connectivity600_dilation.tif,,,,
419,landscape,functional connectivity,natural vegetation functional connectivity id for gap crossing 60 m,1 to infinity,identification,categorial,NA,60,NA,30,419_atlantic_spatial_natural_vegetation_functional_connected_area060_id.tif,,,,
420,landscape,functional connectivity,natural vegetation functional connectivity id for gap crossing 120 m,1 to infinity,identification,categorial,NA,120,NA,30,420_atlantic_spatial_natural_vegetation_functional_connected_area120_id.tif,,,,
421,landscape,functional connectivity,natural vegetation functional connectivity id for gap crossing 180 m,1 to infinity,identification,categorial,NA,180,NA,30,421_atlantic_spatial_natural_vegetation_functional_connected_area180_id.tif,,,,
422,landscape,functional connectivity,natural vegetation functional connectivity id for gap crossing 240 m,1 to infinity,identification,categorial,NA,240,NA,30,422_atlantic_spatial_natural_vegetation_functional_connected_area240_id.tif,,,,
423,landscape,functional connectivity,natural vegetation functional connectivity id for gap crossing 300 m,1 to infinity,identification,categorial,NA,300,NA,30,423_atlantic_spatial_natural_vegetation_functional_connected_area300_id.tif,,,,
424,landscape,functional connectivity,natural vegetation functional connectivity id for gap crossing 600 m,1 to infinity,identification,categorial,NA,600,NA,30,424_atlantic_spatial_natural_vegetation_functional_connected_area600_id.tif,,,,
425,landscape,functional connectivity,natural vegetation functional connectivity area for gap crossing 60 m,0.09 to infinity,area,hectares,NA,60,NA,30,425_atlantic_spatial_natural_vegetation_functional_connected_area060_area.tif,,,,
426,landscape,functional connectivity,natural vegetation functional connectivity area for gap crossing 120 m,0.09 to infinity,area,hectares,NA,120,NA,30,426_atlantic_spatial_natural_vegetation_functional_connected_area120_area.tif,,,,
427,landscape,functional connectivity,natural vegetation functional connectivity area for gap crossing 180 m,0.09 to infinity,area,hectares,NA,180,NA,30,427_atlantic_spatial_natural_vegetation_functional_connected_area180_area.tif,,,,
428,landscape,functional connectivity,natural vegetation functional connectivity area for gap crossing 240 m,0.09 to infinity,area,hectares,NA,240,NA,30,428_atlantic_spatial_natural_vegetation_functional_connected_area240_area.tif,,,,
429,landscape,functional connectivity,natural vegetation functional connectivity area for gap crossing 300 m,0.09 to infinity,area,hectares,NA,300,NA,30,429_atlantic_spatial_natural_vegetation_functional_connected_area300_area.tif,,,,
430,landscape,functional connectivity,natural vegetation functional connectivity area for gap crossing 600 m,0.09 to infinity,area,hectares,NA,600,NA,30,430_atlantic_spatial_natural_vegetation_functional_connected_area600_area.tif,,,,
431,landscape,functional connectivity,natural vegetation functional connectivity for gap crossing 60 m,0.09 to infinity,area,hectares,NA,60,NA,30,431_atlantic_spatial_natural_vegetation_functional_connectivity060.tif,,,,
432,landscape,functional connectivity,natural vegetation functional connectivity for gap crossing 120 m,0.09 to infinity,area,hectares,NA,120,NA,30,432_atlantic_spatial_natural_vegetation_functional_connectivity120.tif,,,,
433,landscape,functional connectivity,natural vegetation functional connectivity for gap crossing 180 m,0.09 to infinity,area,hectares,NA,180,NA,30,433_atlantic_spatial_natural_vegetation_functional_connectivity180.tif,,,,
434,landscape,functional connectivity,natural vegetation functional connectivity for gap crossing 240 m,0.09 to infinity,area,hectares,NA,240,NA,30,434_atlantic_spatial_natural_vegetation_functional_connectivity240.tif,,,,
435,landscape,functional connectivity,natural vegetation functional connectivity for gap crossing 300 m,0.09 to infinity,area,hectares,NA,300,NA,30,435_atlantic_spatial_natural_vegetation_functional_connectivity300.tif,,,,
436,landscape,functional connectivity,natural vegetation functional connectivity for gap crossing 600 m,0.09 to infinity,area,hectares,NA,600,NA,30,436_atlantic_spatial_natural_vegetation_functional_connectivity600.tif,,,,
437,landscape,landscape diversity,shannon diversity using 50 m buffer,0 to infinity,diversity,unit,NA,NA,50,30,437_atlantic_spatial_diveristy_shannon_buf0050.tif,,,,
438,landscape,landscape diversity,shannon diversity using 100 m buffer,0 to infinity,diversity,unit,NA,NA,100,30,438_atlantic_spatial_diveristy_shannon_buf0100.tif,,,,
439,landscape,landscape diversity,shannon diversity using 150 m buffer,0 to infinity,diversity,unit,NA,NA,150,30,439_atlantic_spatial_diveristy_shannon_buf0150.tif,,,,
440,landscape,landscape diversity,shannon diversity using 200 m buffer,0 to infinity,diversity,unit,NA,NA,200,30,440_atlantic_spatial_diveristy_shannon_buf0200.tif,,,,
441,landscape,landscape diversity,shannon diversity using 250 m buffer,0 to infinity,diversity,unit,NA,NA,250,30,441_atlantic_spatial_diveristy_shannon_buf0250.tif,,,,
442,landscape,landscape diversity,shannon diversity using 500 m buffer,0 to infinity,diversity,unit,NA,NA,500,30,442_atlantic_spatial_diveristy_shannon_buf0500.tif,,,,
443,landscape,landscape diversity,shannon diversity using 750 m buffer,0 to infinity,diversity,unit,NA,NA,750,30,443_atlantic_spatial_diveristy_shannon_buf0750.tif,,,,
444,landscape,landscape diversity,shannon diversity using 1000 m buffer,0 to infinity,diversity,unit,NA,NA,1000,30,444_atlantic_spatial_diveristy_shannon_buf1000.tif,,,,
445,landscape,landscape diversity,shannon diversity using 1500 m buffer,0 to infinity,diversity,unit,NA,NA,1500,60,445_atlantic_spatial_diveristy_shannon_buf1500.tif,,,,
446,landscape,landscape diversity,shannon diversity using 2000 m buffer,0 to infinity,diversity,unit,NA,NA,2000,60,446_atlantic_spatial_diveristy_shannon_buf2000.tif,,,,
447,landscape,landscape diversity,shannon diversity using 2500 m buffer,0 to infinity,diversity,unit,NA,NA,2500,60,447_atlantic_spatial_diveristy_shannon_buf2500.tif,,,,
448,landscape,landscape diversity,simpson diversity using 50 m buffer,0 to 1,diversity,unit,NA,NA,50,30,448_atlantic_spatial_diveristy_simpson_buf0050.tif,,,,
449,landscape,landscape diversity,simpson diversity using 100 m buffer,0 to 1,diversity,unit,NA,NA,100,30,449_atlantic_spatial_diveristy_simpson_buf0100.tif,,,,
450,landscape,landscape diversity,simpson diversity using 150 m buffer,0 to 1,diversity,unit,NA,NA,150,30,450_atlantic_spatial_diveristy_simpson_buf0150.tif,,,,
451,landscape,landscape diversity,simpson diversity using 200 m buffer,0 to 1,diversity,unit,NA,NA,200,30,451_atlantic_spatial_diveristy_simpson_buf0200.tif,,,,
452,landscape,landscape diversity,simpson diversity using 250 m buffer,0 to 1,diversity,unit,NA,NA,250,30,452_atlantic_spatial_diveristy_simpson_buf0250.tif,,,,
453,landscape,landscape diversity,simpson diversity using 500 m buffer,0 to 1,diversity,unit,NA,NA,500,30,453_atlantic_spatial_diveristy_simpson_buf0500.tif,,,,
454,landscape,landscape diversity,simpson diversity using 750 m buffer,0 to 1,diversity,unit,NA,NA,750,30,454_atlantic_spatial_diveristy_simpson_buf0750.tif,,,,
455,landscape,landscape diversity,simpson diversity using 1000 m buffer,0 to 1,diversity,unit,NA,NA,1000,30,455_atlantic_spatial_diveristy_simpson_buf1000.tif,,,,
456,landscape,landscape diversity,simpson diversity using 1500 m buffer,0 to 1,diversity,unit,NA,NA,1500,60,456_atlantic_spatial_diveristy_simpson_buf1500.tif,,,,
457,landscape,landscape diversity,simpson diversity using 2000 m buffer,0 to 1,diversity,unit,NA,NA,2000,60,457_atlantic_spatial_diveristy_simpson_buf2000.tif,,,,
458,landscape,landscape diversity,simpson diversity using 2500 m buffer,0 to 1,diversity,unit,NA,NA,2500,60,458_atlantic_spatial_diveristy_simpson_buf2500.tif,,,,
459,topographic,elevation,elevation in meters,-31 to 2642,elevation,meters,NA,NA,NA,30,459_atlantic_spatial_elevation.tif,,,,
460,topographic,slope,inclination from the horizontal stated in degrees,0 to 81,slope,angles in degress,NA,NA,NA,30,460_atlantic_spatial_slope.tif,,,,
461,topographic,aspect,direction that slopes are facing counterclockwise from east in degrees,0 to 360,aspect,angles in degress,NA,NA,NA,30,461_atlantic_spatial_aspect.tif,,,,
462,topographic,curvature,curvature in the direction of steepest slope in 1/meters,-0.007 to 0.006,curvature,1/meters,NA,NA,NA,30,462_atlantic_spatial_pcurvature.tif,,,,
463,topographic,curvature,curvature in the direction of the contour tangent in 1/meters,,curvature,1/meters,NA,NA,NA,30,463_atlantic_spatial_tcurvature.tif,,,,
464,topographic,geomorphon,classication and mapping of landform elements (geomorphon),1 to 10,"flat (1), peak (2), ridge (3), shoulder (4), spur (5), slope (6), hollow (7), footslope (8), valley (9) and pit (10)",categorical,NA,NA,NA,30,464_atlantic_spatial_geomorph.tif,,,,
465,hydrologic,stream,streams binary,0 and 1,(0) non-stream; (1) stream,binary,NA,NA,NA,30,465_atlantic_spatial_stream_binary.tif,,,,
466,hydrologic,distance,streams distance,0 to infinity,distance,meters,NA,NA,NA,30,466_atlantic_spatial_stream_distance.tif,,,,
467,hydrologic,spring,springs binary,0 and 1,(0) non-spring; (1) spring,binary,NA,NA,NA,30,467_atlantic_spatial_spring_binary.tif,,,,
468,hydrologic,kernel,springs kernel using 50 m buffer,0 to infinity,density,unit,NA,NA,50,30,468_atlantic_spatial_spring_kernel_buf0050.tif,,,,
469,hydrologic,kernel,springs kernel using 100 m buffer,0 to infinity,density,unit,NA,NA,100,30,469_atlantic_spatial_spring_kernel_buf0100.tif,,,,
470,hydrologic,kernel,springs kernel using 150 m buffer,0 to infinity,density,unit,NA,NA,150,30,470_atlantic_spatial_spring_kernel_buf0150.tif,,,,
471,hydrologic,kernel,springs kernel using 200 m buffer,0 to infinity,density,unit,NA,NA,200,30,471_atlantic_spatial_spring_kernel_buf0200.tif,,,,
472,hydrologic,kernel,springs kernel using 250 m buffer,0 to infinity,density,unit,NA,NA,250,30,472_atlantic_spatial_spring_kernel_buf0250.tif,,,,
473,hydrologic,kernel,springs kernel using 500 m buffer,0 to infinity,density,unit,NA,NA,500,30,473_atlantic_spatial_spring_kernel_buf0500.tif,,,,
474,hydrologic,kernel,springs kernel using 750 m buffer,0 to infinity,density,unit,NA,NA,750,30,474_atlantic_spatial_spring_kernel_buf0750.tif,,,,
475,hydrologic,kernel,springs kernel using 1000 m buffer,0 to infinity,density,unit,NA,NA,1000,30,475_atlantic_spatial_spring_kernel_buf1000.tif,,,,
476,hydrologic,kernel,springs kernel using 1500 m buffer,0 to infinity,density,unit,NA,NA,1500,60,476_atlantic_spatial_spring_kernel_buf1500.tif,,,,
477,hydrologic,kernel,springs kernel using 2000 m buffer,0 to infinity,density,unit,NA,NA,2000,60,477_atlantic_spatial_spring_kernel_buf2000.tif,,,,
478,hydrologic,kernel,springs kernel using 2500 m buffer,0 to infinity,density,unit,NA,NA,2500,60,478_atlantic_spatial_spring_kernel_buf2500.tif,,,,
479,antropic,matrix,forest plantation class binary,0 and 1,(0) non-forest plantation; (1) forest plantation,binary,NA,NA,NA,30,479_atlantic_spatial_forest_plantation_binary.tif,,,,
480,antropic,distance,forest plantation class euclidean distance,0 to infinity,distance,meters,NA,NA,NA,30,480_atlantic_spatial_forest_plantation_distance.tif,,,,
481,antropic,matrix,pasture class binary,0 and 1,(0) non-pasture; (1) pasture,binary,NA,NA,NA,30,481_atlantic_spatial_pasture_binary.tif,,,,
482,antropic,distance,pasture class euclidean distance,0 to infinity,distance,meters,NA,NA,NA,30,482_atlantic_spatial_pasture_distance.tif,,,,
483,antropic,matrix,temporary crop class binary,0 and 1,(0) non-temporary crop; (1) temporary crop,binary,NA,NA,NA,30,483_atlantic_spatial_temporary_crop_binary.tif,,,,
484,antropic,distance,temporary crop class euclidean distance,0 to infinity,distance,meters,NA,NA,NA,30,484_atlantic_spatial_temporary_crop_distance.tif,,,,
485,antropic,matrix,perennial crop class binary,0 and 1,(0) non-perennial crop; (1) perennial crop,binary,NA,NA,NA,30,485_atlantic_spatial_perennial_crop_binary.tif,,,,
486,antropic,distance,perennial crop class euclidean distance,0 to infinity,distance,meters,NA,NA,NA,30,486_atlantic_spatial_perennial_crop_distance.tif,,,,
487,antropic,matrix,urban areas class binary,0 and 1,(0) non-urban areas; (1) urban areas,binary,NA,NA,NA,30,487_atlantic_spatial_urban_areas_binary.tif,,,,
488,antropic,distance,urban areas class euclidean distance,0 to infinity,distance,meters,NA,NA,NA,30,488_atlantic_spatial_urban_areas_distance.tif,,,,
489,antropic,matrix,mining class binary,0 and 1,(0) non-mining; (1) mining,binary,NA,NA,NA,30,489_atlantic_spatial_mining_binary.tif,,,,
490,antropic,distance,mining class euclidean distance,0 to infinity,distance,meters,NA,NA,NA,30,490_atlantic_spatial_mining_distance.tif,,,,
491,antropic,matrix,water class binary,0 and 1,(0) non-water; (1) water,binary,NA,NA,NA,30,491_atlantic_spatial_water_binary.tif,,,,
492,antropic,distance,water class euclidean distance,0 to infinity,distance,meters,NA,NA,NA,30,492_atlantic_spatial_water_distance.tif,,,,
493,antropic,linear_structure,roads binary,0 and 1,(0) non-roads; (1) roads,binary,NA,NA,NA,30,493_atlantic_spatial_roads_binary.tif,,,,
494,antropic,distance,roads euclidean distance,0 to infinity,distance,meters,NA,NA,NA,30,494_atlantic_spatial_roads_distance.tif,,,,
495,antropic,linear_structure,railways binary,0 and 1,(0) non-railways; (1) railways,binary,NA,NA,NA,30,495_atlantic_spatial_railways_binary.tif,,,,
496,antropic,distance,railways euclidean distance,0 to infinity,distance,meters,NA,NA,NA,30,496_atlantic_spatial_railways_distance.tif,,,,
497,antropic,roads,roads and railways binary,0 and 1,(0) non-roads and railways; (1) roads and railways,binary,NA,NA,NA,30,497_atlantic_spatial_roads_railways_binary.tif,,,,
498,antropic,distance,roads and railways euclidean distance,0 to infinity,distance,meters,NA,NA,NA,30,498_atlantic_spatial_roads_railways_distance.tif,,,,
499,antropic,binary,protected areas binary,0 and 1,(0) non-protected areas; (1) protected areas,binary,NA,NA,NA,30,499_atlantic_spatial_protected_areas_binary.tif,,,,
500,antropic,distance,protected areas euclidean distance,0 to infinity,distance,meters,NA,NA,NA,30,500_atlantic_spatial_protected_areas_distance.tif,10mcd_EIXDGsLOAgZb36xomEg99ju8jHE,https://drive.google.com/file/d/10mcd_EIXDGsLOAgZb36xomEg99ju8jHE/view?usp=drive_link,18b5AxP64kVaD1aW6HH-ArQhkWdpMwAsZ,https://drive.google.com/file/d/18b5AxP64kVaD1aW6HH-ArQhkWdpMwAsZ/view?usp=drive_link
501,antropic,binary,indigenous territories binary,0 and 1,(0) non-indigenous territories; (1) indigenous territories,binary,NA,NA,NA,30,501_atlantic_spatial_indigenous_territory_binary.tif,1ZIN1iq5g5sXng-wuZq59FaVESqCLTtEn,https://drive.google.com/file/d/1ZIN1iq5g5sXng-wuZq59FaVESqCLTtEn/view?usp=drive_link,1VQIQb5Djxa-VwFH3u4eqzNnAvlxicgnb,https://drive.google.com/file/d/1VQIQb5Djxa-VwFH3u4eqzNnAvlxicgnb/view?usp=drive_link
502,antropic,distance,indigenous territories euclidean distance,0 to infinity,distance,meters,NA,NA,NA,30,502_atlantic_spatial_indigenous_territory_distance.tif,1I8_ua5fFGiqGu7ZC4t7NnVwJtup1HwFg,https://drive.google.com/file/d/1I8_ua5fFGiqGu7ZC4t7NnVwJtup1HwFg,1i7AFrgKh4Pktz3bkkhYDt4FXzWIy6UZ8,https://drive.google.com/file/d/1i7AFrgKh4Pktz3bkkhYDt4FXzWIy6UZ8